requested_name,designation,window,window_start,window_stop_exclusive,sample_count,first_sample_date,last_sample_date,minimum_earth_relative_range_au,minimum_range_date,maximum_earth_relative_range_au,maximum_range_date,mean_earth_relative_range_au,median_earth_relative_range_au,start_range_au,end_range_au,range_change_au,minimum_range_rate_au_per_day,maximum_range_rate_au_per_day,mean_range_rate_au_per_day,source_center,source_ephemeris_type,source_vector_table,source_units,source_step,source_reference_system,source_reference_plane,signature_source,signature_version,source_url,sha256,captured_at,refresh_status,last_refresh_error,interpretation_limit,current_hardware_canon,mark_iv_state
Apophis,99942,June 2027,2027-06-01,2027-07-01,30,2027-06-01,2027-06-30,1.296749419662828,2027-06-01,1.31244601994351,2027-06-21,1.3082553245383675,1.310156197544694,1.296749419662828,1.309182440638962,0.01243302097613408,-0.0007436972482091258,0.0015178050791791,0.00042728035219155976,"Earth (399), geocentric 500@399",VECTORS,6,AU-D,1 day,ICRF,ECLIPTIC,NASA/JPL Horizons API,1.2,https://ssd.jpl.nasa.gov/api/horizons.api?format=json&COMMAND=%2799942%3B%27&OBJ_DATA=%27NO%27&MAKE_EPHEM=%27YES%27&EPHEM_TYPE=%27VECTORS%27&CENTER=%27500%40399%27&START_TIME=%272027-06-01%27&STOP_TIME=%272028-09-01%27&STEP_SIZE=%271+d%27&TIME_TYPE=%27TDB%27&OUT_UNITS=%27AU-D%27&REF_SYSTEM=%27ICRF%27&REF_PLANE=%27ECLIPTIC%27&VEC_TABLE=%276%27&VEC_CORR=%27NONE%27&CSV_FORMAT=%27YES%27&VEC_LABELS=%27YES%27,0e18e3fb86d6342eb893a90cc987e177bf2222fff6caaf9cb841668d2fbe7ae3,2026-09-13T09:36:41+00:00,CAPTURED_CURRENT,,"Descriptive Earth-relative range/time comparison only; not launch, delta-v, route, mining or target feasibility.",Mark III + Mark V only,Post-mission successor/next model of Mark III; not current input
Apophis,99942,January 2028,2028-01-01,2028-02-01,31,2028-01-01,2028-01-31,0.2940437524961462,2028-01-01,0.3571396040696193,2028-01-31,0.31825293697679286,0.3141963618667978,0.2940437524961462,0.3571396040696193,0.06309585157347308,0.0003570064200915864,0.00338881416439454,0.0020955234339174347,"Earth (399), geocentric 500@399",VECTORS,6,AU-D,1 day,ICRF,ECLIPTIC,NASA/JPL Horizons API,1.2,https://ssd.jpl.nasa.gov/api/horizons.api?format=json&COMMAND=%2799942%3B%27&OBJ_DATA=%27NO%27&MAKE_EPHEM=%27YES%27&EPHEM_TYPE=%27VECTORS%27&CENTER=%27500%40399%27&START_TIME=%272027-06-01%27&STOP_TIME=%272028-09-01%27&STEP_SIZE=%271+d%27&TIME_TYPE=%27TDB%27&OUT_UNITS=%27AU-D%27&REF_SYSTEM=%27ICRF%27&REF_PLANE=%27ECLIPTIC%27&VEC_TABLE=%276%27&VEC_CORR=%27NONE%27&CSV_FORMAT=%27YES%27&VEC_LABELS=%27YES%27,0e18e3fb86d6342eb893a90cc987e177bf2222fff6caaf9cb841668d2fbe7ae3,2026-09-13T09:36:41+00:00,CAPTURED_CURRENT,,"Descriptive Earth-relative range/time comparison only; not launch, delta-v, route, mining or target feasibility.",Mark III + Mark V only,Post-mission successor/next model of Mark III; not current input
Apophis,99942,August 2028,2028-08-01,2028-09-01,31,2028-08-01,2028-08-31,0.2792805967567289,2028-08-31,0.4541952459649163,2028-08-01,0.3602254437088266,0.356769903603309,0.4541952459649163,0.2792805967567289,-0.1749146492081874,-0.006582565199563948,-0.00365488019667859,-0.005805181867900104,"Earth (399), geocentric 500@399",VECTORS,6,AU-D,1 day,ICRF,ECLIPTIC,NASA/JPL Horizons API,1.2,https://ssd.jpl.nasa.gov/api/horizons.api?format=json&COMMAND=%2799942%3B%27&OBJ_DATA=%27NO%27&MAKE_EPHEM=%27YES%27&EPHEM_TYPE=%27VECTORS%27&CENTER=%27500%40399%27&START_TIME=%272027-06-01%27&STOP_TIME=%272028-09-01%27&STEP_SIZE=%271+d%27&TIME_TYPE=%27TDB%27&OUT_UNITS=%27AU-D%27&REF_SYSTEM=%27ICRF%27&REF_PLANE=%27ECLIPTIC%27&VEC_TABLE=%276%27&VEC_CORR=%27NONE%27&CSV_FORMAT=%27YES%27&VEC_LABELS=%27YES%27,0e18e3fb86d6342eb893a90cc987e177bf2222fff6caaf9cb841668d2fbe7ae3,2026-09-13T09:36:41+00:00,CAPTURED_CURRENT,,"Descriptive Earth-relative range/time comparison only; not launch, delta-v, route, mining or target feasibility.",Mark III + Mark V only,Post-mission successor/next model of Mark III; not current input
Castalia,4769,June 2027,2027-06-01,2027-07-01,30,2027-06-01,2027-06-30,0.5159483188672035,2027-06-01,0.8273560729257776,2027-06-30,0.66870249648982,0.6670904282002474,0.5159483188672035,0.8273560729257776,0.3114077540585741,0.009993900281732453,0.01127130221491126,0.010734555621649029,"Earth (399), geocentric 500@399",VECTORS,6,AU-D,1 day,ICRF,ECLIPTIC,NASA/JPL Horizons API,1.2,https://ssd.jpl.nasa.gov/api/horizons.api?format=json&COMMAND=%274769%3B%27&OBJ_DATA=%27NO%27&MAKE_EPHEM=%27YES%27&EPHEM_TYPE=%27VECTORS%27&CENTER=%27500%40399%27&START_TIME=%272027-06-01%27&STOP_TIME=%272028-09-01%27&STEP_SIZE=%271+d%27&TIME_TYPE=%27TDB%27&OUT_UNITS=%27AU-D%27&REF_SYSTEM=%27ICRF%27&REF_PLANE=%27ECLIPTIC%27&VEC_TABLE=%276%27&VEC_CORR=%27NONE%27&CSV_FORMAT=%27YES%27&VEC_LABELS=%27YES%27,754d72c51b7cf084ab6885af9c375d35d0eae756b199bb1f9ca70029d52583c2,2026-09-13T09:36:44+00:00,CAPTURED_CURRENT,,"Descriptive Earth-relative range/time comparison only; not launch, delta-v, route, mining or target feasibility.",Mark III + Mark V only,Post-mission successor/next model of Mark III; not current input
Castalia,4769,January 2028,2028-01-01,2028-02-01,31,2028-01-01,2028-01-31,1.637529516857889,2028-01-31,1.876087555879386,2028-01-01,1.7682647146974806,1.774552358565941,1.876087555879386,1.637529516857889,-0.23855803902149697,-0.01037766946207105,-0.005606992098684022,-0.007953281528187727,"Earth (399), geocentric 500@399",VECTORS,6,AU-D,1 day,ICRF,ECLIPTIC,NASA/JPL Horizons API,1.2,https://ssd.jpl.nasa.gov/api/horizons.api?format=json&COMMAND=%274769%3B%27&OBJ_DATA=%27NO%27&MAKE_EPHEM=%27YES%27&EPHEM_TYPE=%27VECTORS%27&CENTER=%27500%40399%27&START_TIME=%272027-06-01%27&STOP_TIME=%272028-09-01%27&STEP_SIZE=%271+d%27&TIME_TYPE=%27TDB%27&OUT_UNITS=%27AU-D%27&REF_SYSTEM=%27ICRF%27&REF_PLANE=%27ECLIPTIC%27&VEC_TABLE=%276%27&VEC_CORR=%27NONE%27&CSV_FORMAT=%27YES%27&VEC_LABELS=%27YES%27,754d72c51b7cf084ab6885af9c375d35d0eae756b199bb1f9ca70029d52583c2,2026-09-13T09:36:44+00:00,CAPTURED_CURRENT,,"Descriptive Earth-relative range/time comparison only; not launch, delta-v, route, mining or target feasibility.",Mark III + Mark V only,Post-mission successor/next model of Mark III; not current input
Castalia,4769,August 2028,2028-08-01,2028-09-01,31,2028-08-01,2028-08-31,1.37232191688282,2028-08-01,1.708269343544916,2028-08-31,1.543170845509284,1.54474957928453,1.37232191688282,1.708269343544916,0.3359474266620961,0.01049098005835724,0.01168388762890739,0.011194560618052997,"Earth (399), geocentric 500@399",VECTORS,6,AU-D,1 day,ICRF,ECLIPTIC,NASA/JPL Horizons API,1.2,https://ssd.jpl.nasa.gov/api/horizons.api?format=json&COMMAND=%274769%3B%27&OBJ_DATA=%27NO%27&MAKE_EPHEM=%27YES%27&EPHEM_TYPE=%27VECTORS%27&CENTER=%27500%40399%27&START_TIME=%272027-06-01%27&STOP_TIME=%272028-09-01%27&STEP_SIZE=%271+d%27&TIME_TYPE=%27TDB%27&OUT_UNITS=%27AU-D%27&REF_SYSTEM=%27ICRF%27&REF_PLANE=%27ECLIPTIC%27&VEC_TABLE=%276%27&VEC_CORR=%27NONE%27&CSV_FORMAT=%27YES%27&VEC_LABELS=%27YES%27,754d72c51b7cf084ab6885af9c375d35d0eae756b199bb1f9ca70029d52583c2,2026-09-13T09:36:44+00:00,CAPTURED_CURRENT,,"Descriptive Earth-relative range/time comparison only; not launch, delta-v, route, mining or target feasibility.",Mark III + Mark V only,Post-mission successor/next model of Mark III; not current input
Toutatis,4179,June 2027,2027-06-01,2027-07-01,30,2027-06-01,2027-06-30,3.079914162329532,2027-06-01,3.310704822232405,2027-06-30,3.18010979246982,3.1717202594276985,3.079914162329532,3.310704822232405,0.23079065990287306,0.004389703953117175,0.01089405122753406,0.007947394867134595,"Earth (399), geocentric 500@399",VECTORS,6,AU-D,1 day,ICRF,ECLIPTIC,NASA/JPL Horizons API,1.2,https://ssd.jpl.nasa.gov/api/horizons.api?format=json&COMMAND=%274179%3B%27&OBJ_DATA=%27NO%27&MAKE_EPHEM=%27YES%27&EPHEM_TYPE=%27VECTORS%27&CENTER=%27500%40399%27&START_TIME=%272027-06-01%27&STOP_TIME=%272028-09-01%27&STEP_SIZE=%271+d%27&TIME_TYPE=%27TDB%27&OUT_UNITS=%27AU-D%27&REF_SYSTEM=%27ICRF%27&REF_PLANE=%27ECLIPTIC%27&VEC_TABLE=%276%27&VEC_CORR=%27NONE%27&CSV_FORMAT=%27YES%27&VEC_LABELS=%27YES%27,6f5f863910e95bf259a02699ae925f9ed2571ee321b0c32384b9f5013895402a,2026-09-13T09:36:46+00:00,CAPTURED_CURRENT,,"Descriptive Earth-relative range/time comparison only; not launch, delta-v, route, mining or target feasibility.",Mark III + Mark V only,Post-mission successor/next model of Mark III; not current input
Toutatis,4179,January 2028,2028-01-01,2028-02-01,31,2028-01-01,2028-01-31,3.965444419919796,2028-01-31,4.344542832619998,2028-01-01,4.167276951471175,4.174062197124657,4.344542832619998,3.965444419919796,-0.3790984127002024,-0.01507353894809576,-0.009999672531170319,-0.01263327248425722,"Earth (399), geocentric 500@399",VECTORS,6,AU-D,1 day,ICRF,ECLIPTIC,NASA/JPL Horizons API,1.2,https://ssd.jpl.nasa.gov/api/horizons.api?format=json&COMMAND=%274179%3B%27&OBJ_DATA=%27NO%27&MAKE_EPHEM=%27YES%27&EPHEM_TYPE=%27VECTORS%27&CENTER=%27500%40399%27&START_TIME=%272027-06-01%27&STOP_TIME=%272028-09-01%27&STEP_SIZE=%271+d%27&TIME_TYPE=%27TDB%27&OUT_UNITS=%27AU-D%27&REF_SYSTEM=%27ICRF%27&REF_PLANE=%27ECLIPTIC%27&VEC_TABLE=%276%27&VEC_CORR=%27NONE%27&CSV_FORMAT=%27YES%27&VEC_LABELS=%27YES%27,6f5f863910e95bf259a02699ae925f9ed2571ee321b0c32384b9f5013895402a,2026-09-13T09:36:46+00:00,CAPTURED_CURRENT,,"Descriptive Earth-relative range/time comparison only; not launch, delta-v, route, mining or target feasibility.",Mark III + Mark V only,Post-mission successor/next model of Mark III; not current input
Toutatis,4179,August 2028,2028-08-01,2028-09-01,31,2028-08-01,2028-08-31,1.391870412930422,2028-08-01,1.492985759122071,2028-08-31,1.4359245986938654,1.432336973540785,1.391870412930422,1.492985759122071,0.10111534619164897,0.001609618659979935,0.004308317627833771,0.003356800710565441,"Earth (399), geocentric 500@399",VECTORS,6,AU-D,1 day,ICRF,ECLIPTIC,NASA/JPL Horizons API,1.2,https://ssd.jpl.nasa.gov/api/horizons.api?format=json&COMMAND=%274179%3B%27&OBJ_DATA=%27NO%27&MAKE_EPHEM=%27YES%27&EPHEM_TYPE=%27VECTORS%27&CENTER=%27500%40399%27&START_TIME=%272027-06-01%27&STOP_TIME=%272028-09-01%27&STEP_SIZE=%271+d%27&TIME_TYPE=%27TDB%27&OUT_UNITS=%27AU-D%27&REF_SYSTEM=%27ICRF%27&REF_PLANE=%27ECLIPTIC%27&VEC_TABLE=%276%27&VEC_CORR=%27NONE%27&CSV_FORMAT=%27YES%27&VEC_LABELS=%27YES%27,6f5f863910e95bf259a02699ae925f9ed2571ee321b0c32384b9f5013895402a,2026-09-13T09:36:46+00:00,CAPTURED_CURRENT,,"Descriptive Earth-relative range/time comparison only; not launch, delta-v, route, mining or target feasibility.",Mark III + Mark V only,Post-mission successor/next model of Mark III; not current input
Anteros,1943,June 2027,2027-06-01,2027-07-01,30,2027-06-01,2027-06-30,2.672631005792494,2027-06-30,2.752447955467568,2027-06-01,2.7184576331239727,2.721713483917508,2.752447955467568,2.672631005792494,-0.0798169496750738,-0.00398351196932516,-0.001440974548930794,-0.0027509328844482132,"Earth (399), geocentric 500@399",VECTORS,6,AU-D,1 day,ICRF,ECLIPTIC,NASA/JPL Horizons API,1.2,https://ssd.jpl.nasa.gov/api/horizons.api?format=json&COMMAND=%271943%3B%27&OBJ_DATA=%27NO%27&MAKE_EPHEM=%27YES%27&EPHEM_TYPE=%27VECTORS%27&CENTER=%27500%40399%27&START_TIME=%272027-06-01%27&STOP_TIME=%272028-09-01%27&STEP_SIZE=%271+d%27&TIME_TYPE=%27TDB%27&OUT_UNITS=%27AU-D%27&REF_SYSTEM=%27ICRF%27&REF_PLANE=%27ECLIPTIC%27&VEC_TABLE=%276%27&VEC_CORR=%27NONE%27&CSV_FORMAT=%27YES%27&VEC_LABELS=%27YES%27,8cd3159043e3c178f309475e5f590dfa331aae7a895c3ac8eaecd96e8a1a8cc7,2026-09-13T09:36:49+00:00,CAPTURED_CURRENT,,"Descriptive Earth-relative range/time comparison only; not launch, delta-v, route, mining or target feasibility.",Mark III + Mark V only,Post-mission successor/next model of Mark III; not current input
Anteros,1943,January 2028,2028-01-01,2028-02-01,31,2028-01-01,2028-01-31,1.54099564955807,2028-01-31,1.568609626133473,2028-01-01,1.5498620732749884,1.547126365074947,1.568609626133473,1.54099564955807,-0.0276139765754031,-0.002018928446678323,1.359749023635818e-05,-0.0009231982595085779,"Earth (399), geocentric 500@399",VECTORS,6,AU-D,1 day,ICRF,ECLIPTIC,NASA/JPL Horizons API,1.2,https://ssd.jpl.nasa.gov/api/horizons.api?format=json&COMMAND=%271943%3B%27&OBJ_DATA=%27NO%27&MAKE_EPHEM=%27YES%27&EPHEM_TYPE=%27VECTORS%27&CENTER=%27500%40399%27&START_TIME=%272027-06-01%27&STOP_TIME=%272028-09-01%27&STEP_SIZE=%271+d%27&TIME_TYPE=%27TDB%27&OUT_UNITS=%27AU-D%27&REF_SYSTEM=%27ICRF%27&REF_PLANE=%27ECLIPTIC%27&VEC_TABLE=%276%27&VEC_CORR=%27NONE%27&CSV_FORMAT=%27YES%27&VEC_LABELS=%27YES%27,8cd3159043e3c178f309475e5f590dfa331aae7a895c3ac8eaecd96e8a1a8cc7,2026-09-13T09:36:49+00:00,CAPTURED_CURRENT,,"Descriptive Earth-relative range/time comparison only; not launch, delta-v, route, mining or target feasibility.",Mark III + Mark V only,Post-mission successor/next model of Mark III; not current input
Anteros,1943,August 2028,2028-08-01,2028-09-01,31,2028-08-01,2028-08-31,0.9964059849682503,2028-08-31,1.207472203059947,2028-08-01,1.102420559138443,1.102728370650496,1.207472203059947,0.9964059849682503,-0.21106621809169668,-0.007145661031400003,-0.006770552052245997,-0.007029379586746286,"Earth (399), geocentric 500@399",VECTORS,6,AU-D,1 day,ICRF,ECLIPTIC,NASA/JPL Horizons API,1.2,https://ssd.jpl.nasa.gov/api/horizons.api?format=json&COMMAND=%271943%3B%27&OBJ_DATA=%27NO%27&MAKE_EPHEM=%27YES%27&EPHEM_TYPE=%27VECTORS%27&CENTER=%27500%40399%27&START_TIME=%272027-06-01%27&STOP_TIME=%272028-09-01%27&STEP_SIZE=%271+d%27&TIME_TYPE=%27TDB%27&OUT_UNITS=%27AU-D%27&REF_SYSTEM=%27ICRF%27&REF_PLANE=%27ECLIPTIC%27&VEC_TABLE=%276%27&VEC_CORR=%27NONE%27&CSV_FORMAT=%27YES%27&VEC_LABELS=%27YES%27,8cd3159043e3c178f309475e5f590dfa331aae7a895c3ac8eaecd96e8a1a8cc7,2026-09-13T09:36:49+00:00,CAPTURED_CURRENT,,"Descriptive Earth-relative range/time comparison only; not launch, delta-v, route, mining or target feasibility.",Mark III + Mark V only,Post-mission successor/next model of Mark III; not current input
Apollo,1862,June 2027,2027-06-01,2027-07-01,30,2027-06-01,2027-06-30,2.503303122088976,2027-06-01,2.740845934054992,2027-06-30,2.6288165642512604,2.6325352811035585,2.503303122088976,2.740845934054992,0.23754281196601612,0.006650729363895579,0.009537411650473265,0.008187777234848485,"Earth (399), geocentric 500@399",VECTORS,6,AU-D,1 day,ICRF,ECLIPTIC,NASA/JPL Horizons API,1.2,https://ssd.jpl.nasa.gov/api/horizons.api?format=json&COMMAND=%271862%3B%27&OBJ_DATA=%27NO%27&MAKE_EPHEM=%27YES%27&EPHEM_TYPE=%27VECTORS%27&CENTER=%27500%40399%27&START_TIME=%272027-06-01%27&STOP_TIME=%272028-09-01%27&STEP_SIZE=%271+d%27&TIME_TYPE=%27TDB%27&OUT_UNITS=%27AU-D%27&REF_SYSTEM=%27ICRF%27&REF_PLANE=%27ECLIPTIC%27&VEC_TABLE=%276%27&VEC_CORR=%27NONE%27&CSV_FORMAT=%27YES%27&VEC_LABELS=%27YES%27,903ee430b05079dc27d6fc32b95a76558d92fc167715c36d8775bb22cacbc8a1,2026-09-13T09:36:52+00:00,CAPTURED_CURRENT,,"Descriptive Earth-relative range/time comparison only; not launch, delta-v, route, mining or target feasibility.",Mark III + Mark V only,Post-mission successor/next model of Mark III; not current input
Apollo,1862,January 2028,2028-01-01,2028-02-01,31,2028-01-01,2028-01-31,1.378685836832681,2028-01-31,1.702160547055231,2028-01-01,1.528751472057501,1.522343581998982,1.702160547055231,1.378685836832681,-0.3234747102225499,-0.01277718419249716,-0.007923402753952577,-0.010768091199059275,"Earth (399), geocentric 500@399",VECTORS,6,AU-D,1 day,ICRF,ECLIPTIC,NASA/JPL Horizons API,1.2,https://ssd.jpl.nasa.gov/api/horizons.api?format=json&COMMAND=%271862%3B%27&OBJ_DATA=%27NO%27&MAKE_EPHEM=%27YES%27&EPHEM_TYPE=%27VECTORS%27&CENTER=%27500%40399%27&START_TIME=%272027-06-01%27&STOP_TIME=%272028-09-01%27&STEP_SIZE=%271+d%27&TIME_TYPE=%27TDB%27&OUT_UNITS=%27AU-D%27&REF_SYSTEM=%27ICRF%27&REF_PLANE=%27ECLIPTIC%27&VEC_TABLE=%276%27&VEC_CORR=%27NONE%27&CSV_FORMAT=%27YES%27&VEC_LABELS=%27YES%27,903ee430b05079dc27d6fc32b95a76558d92fc167715c36d8775bb22cacbc8a1,2026-09-13T09:36:52+00:00,CAPTURED_CURRENT,,"Descriptive Earth-relative range/time comparison only; not launch, delta-v, route, mining or target feasibility.",Mark III + Mark V only,Post-mission successor/next model of Mark III; not current input
Apollo,1862,August 2028,2028-08-01,2028-09-01,31,2028-08-01,2028-08-31,2.074595558922655,2028-08-31,2.165576181195312,2028-08-01,2.1306633424250205,2.136507382655288,2.165576181195312,2.074595558922655,-0.09098062227265702,-0.005201822553971034,-0.0008352693868460202,-0.0030322083311796594,"Earth (399), geocentric 500@399",VECTORS,6,AU-D,1 day,ICRF,ECLIPTIC,NASA/JPL Horizons API,1.2,https://ssd.jpl.nasa.gov/api/horizons.api?format=json&COMMAND=%271862%3B%27&OBJ_DATA=%27NO%27&MAKE_EPHEM=%27YES%27&EPHEM_TYPE=%27VECTORS%27&CENTER=%27500%40399%27&START_TIME=%272027-06-01%27&STOP_TIME=%272028-09-01%27&STEP_SIZE=%271+d%27&TIME_TYPE=%27TDB%27&OUT_UNITS=%27AU-D%27&REF_SYSTEM=%27ICRF%27&REF_PLANE=%27ECLIPTIC%27&VEC_TABLE=%276%27&VEC_CORR=%27NONE%27&CSV_FORMAT=%27YES%27&VEC_LABELS=%27YES%27,903ee430b05079dc27d6fc32b95a76558d92fc167715c36d8775bb22cacbc8a1,2026-09-13T09:36:52+00:00,CAPTURED_CURRENT,,"Descriptive Earth-relative range/time comparison only; not launch, delta-v, route, mining or target feasibility.",Mark III + Mark V only,Post-mission successor/next model of Mark III; not current input
Eros,433,June 2027,2027-06-01,2027-07-01,30,2027-06-01,2027-06-30,1.912942839999724,2027-06-30,2.15223547989382,2027-06-01,2.0327656673520935,2.032847113049565,2.15223547989382,1.912942839999724,-0.239292639894096,-0.008284585762435228,-0.008142296976338241,-0.008249251306193101,"Earth (399), geocentric 500@399",VECTORS,6,AU-D,1 day,ICRF,ECLIPTIC,NASA/JPL Horizons API,1.2,https://ssd.jpl.nasa.gov/api/horizons.api?format=json&COMMAND=%27433%3B%27&OBJ_DATA=%27NO%27&MAKE_EPHEM=%27YES%27&EPHEM_TYPE=%27VECTORS%27&CENTER=%27500%40399%27&START_TIME=%272027-06-01%27&STOP_TIME=%272028-09-01%27&STEP_SIZE=%271+d%27&TIME_TYPE=%27TDB%27&OUT_UNITS=%27AU-D%27&REF_SYSTEM=%27ICRF%27&REF_PLANE=%27ECLIPTIC%27&VEC_TABLE=%276%27&VEC_CORR=%27NONE%27&CSV_FORMAT=%27YES%27&VEC_LABELS=%27YES%27,3e382f080a4492dade8bc0b2106ecfc35a72f3c95f47840510048e414cb3991d,2026-09-13T09:36:54+00:00,CAPTURED_CURRENT,,"Descriptive Earth-relative range/time comparison only; not launch, delta-v, route, mining or target feasibility.",Mark III + Mark V only,Post-mission successor/next model of Mark III; not current input
Eros,433,January 2028,2028-01-01,2028-02-01,31,2028-01-01,2028-01-31,1.002128415467606,2028-01-31,1.058578980577097,2028-01-01,1.0320584527049328,1.033015965694493,1.058578980577097,1.002128415467606,-0.05645056510949109,-0.002293288563653306,-0.001601591161109848,-0.001883870544739574,"Earth (399), geocentric 500@399",VECTORS,6,AU-D,1 day,ICRF,ECLIPTIC,NASA/JPL Horizons API,1.2,https://ssd.jpl.nasa.gov/api/horizons.api?format=json&COMMAND=%27433%3B%27&OBJ_DATA=%27NO%27&MAKE_EPHEM=%27YES%27&EPHEM_TYPE=%27VECTORS%27&CENTER=%27500%40399%27&START_TIME=%272027-06-01%27&STOP_TIME=%272028-09-01%27&STEP_SIZE=%271+d%27&TIME_TYPE=%27TDB%27&OUT_UNITS=%27AU-D%27&REF_SYSTEM=%27ICRF%27&REF_PLANE=%27ECLIPTIC%27&VEC_TABLE=%276%27&VEC_CORR=%27NONE%27&CSV_FORMAT=%27YES%27&VEC_LABELS=%27YES%27,3e382f080a4492dade8bc0b2106ecfc35a72f3c95f47840510048e414cb3991d,2026-09-13T09:36:54+00:00,CAPTURED_CURRENT,,"Descriptive Earth-relative range/time comparison only; not launch, delta-v, route, mining or target feasibility.",Mark III + Mark V only,Post-mission successor/next model of Mark III; not current input
Eros,433,August 2028,2028-08-01,2028-09-01,31,2028-08-01,2028-08-31,1.014942172716895,2028-08-01,1.336979352822403,2028-08-31,1.1733243701252778,1.171862549735441,1.014942172716895,1.336979352822403,0.32203718010550797,0.01004507479918238,0.0111352230056656,0.010729761490830846,"Earth (399), geocentric 500@399",VECTORS,6,AU-D,1 day,ICRF,ECLIPTIC,NASA/JPL Horizons API,1.2,https://ssd.jpl.nasa.gov/api/horizons.api?format=json&COMMAND=%27433%3B%27&OBJ_DATA=%27NO%27&MAKE_EPHEM=%27YES%27&EPHEM_TYPE=%27VECTORS%27&CENTER=%27500%40399%27&START_TIME=%272027-06-01%27&STOP_TIME=%272028-09-01%27&STEP_SIZE=%271+d%27&TIME_TYPE=%27TDB%27&OUT_UNITS=%27AU-D%27&REF_SYSTEM=%27ICRF%27&REF_PLANE=%27ECLIPTIC%27&VEC_TABLE=%276%27&VEC_CORR=%27NONE%27&CSV_FORMAT=%27YES%27&VEC_LABELS=%27YES%27,3e382f080a4492dade8bc0b2106ecfc35a72f3c95f47840510048e414cb3991d,2026-09-13T09:36:54+00:00,CAPTURED_CURRENT,,"Descriptive Earth-relative range/time comparison only; not launch, delta-v, route, mining or target feasibility.",Mark III + Mark V only,Post-mission successor/next model of Mark III; not current input
