requested_name,designation,window,window_start,window_stop_exclusive,sample_count,first_sample_date,last_sample_date,minimum_earth_relative_range_au,minimum_range_date,maximum_earth_relative_range_au,maximum_range_date,mean_earth_relative_range_au,median_earth_relative_range_au,start_range_au,end_range_au,range_change_au,minimum_range_rate_au_per_day,maximum_range_rate_au_per_day,mean_range_rate_au_per_day,minimum_range_state_jd_tdb,minimum_range_x_au,minimum_range_y_au,minimum_range_z_au,minimum_range_vx_au_per_day,minimum_range_vy_au_per_day,minimum_range_vz_au_per_day,minimum_range_speed_au_per_day,minimum_range_state_range_rate_au_per_day,start_x_au,start_y_au,start_z_au,start_vx_au_per_day,start_vy_au_per_day,start_vz_au_per_day,end_x_au,end_y_au,end_z_au,end_vx_au_per_day,end_vy_au_per_day,end_vz_au_per_day,state_vector_available,state_uncertainty_available,source_center,source_ephemeris_type,source_vector_table,source_units,source_step,source_reference_system,source_reference_plane,signature_source,signature_version,source_url,sha256,captured_at,refresh_status,last_refresh_error,interpretation_limit,current_hardware_canon,mark_iv_state
Likho,785648,June 2027,2027-06-01,2027-07-01,30,2027-06-01,2027-06-30,1.079061619697629,2027-06-01,1.40302043716727,2027-06-30,1.2385524307402551,1.237212000932961,1.079061619697629,1.40302043716727,0.32395881746964106,0.0104540539526945,0.01155344372386844,0.011165222298717772,2461557.5,-1.057585074151852,-0.2141864676644553,-0.003456458464387259,-0.009995804653729555,-0.00328256635347923,-0.001757085356471818,0.01066670996560997,0.0104540539526945,-1.057585074151852,-0.2141864676644553,-0.003456458464387259,-0.009995804653729555,-0.00328256635347923,-0.001757085356471818,-1.343011997033893,-0.4023288178791353,-0.05400597407741534,-0.009093051106537069,-0.009705679883484957,-0.001717703011132987,True,False,"Earth (399), geocentric 500@399",VECTORS,3,AU-D,1 day,ICRF,ECLIPTIC,NASA/JPL Horizons API,1.2,https://ssd.jpl.nasa.gov/api/horizons.api?format=json&COMMAND=%27785648%3B%27&OBJ_DATA=%27NO%27&MAKE_EPHEM=%27YES%27&EPHEM_TYPE=%27VECTORS%27&CENTER=%27500%40399%27&START_TIME=%272027-06-01%27&STOP_TIME=%272028-09-01%27&STEP_SIZE=%271+d%27&TIME_TYPE=%27TDB%27&OUT_UNITS=%27AU-D%27&REF_SYSTEM=%27ICRF%27&REF_PLANE=%27ECLIPTIC%27&VEC_TABLE=%273%27&VEC_CORR=%27NONE%27&CSV_FORMAT=%27YES%27&VEC_LABELS=%27YES%27,46f75016a9ff61aca5f86e314d0fc1c257c74e69642c72079c12fd077fb2fd8b,2026-10-09T11:23:13+00:00,CAPTURED_CURRENT,,"Geocentric geometric state vectors plus Earth-relative range/time comparison; not launch, delta-v, route, mining or target feasibility. Statistical state uncertainty/covariance is not attached in this lane.",Mark III + Mark V only,Post-mission successor/next model of Mark III; not current input
Likho,785648,January 2028,2028-01-01,2028-02-01,31,2028-01-01,2028-01-31,2.486925270960502,2028-01-31,2.565672457066822,2028-01-01,2.5310784690455783,2.533707995836417,2.565672457066822,2.486925270960502,-0.07874718610632003,-0.003552125664152931,-0.001570446112891253,-0.002622780719301893,2461801.5,1.597570112694567,-1.890740257424987,-0.240142285571547,0.02126717104262236,0.02256205082049781,0.0006275035749067349,0.031011811654906612,-0.003552125664152931,0.8594172164107242,-2.404478964239134,-0.2501162042324518,0.02704644032491607,0.01133718726570324,5.356910412402933e-05,1.597570112694567,-1.890740257424987,-0.240142285571547,0.02126717104262236,0.02256205082049781,0.0006275035749067349,True,False,"Earth (399), geocentric 500@399",VECTORS,3,AU-D,1 day,ICRF,ECLIPTIC,NASA/JPL Horizons API,1.2,https://ssd.jpl.nasa.gov/api/horizons.api?format=json&COMMAND=%27785648%3B%27&OBJ_DATA=%27NO%27&MAKE_EPHEM=%27YES%27&EPHEM_TYPE=%27VECTORS%27&CENTER=%27500%40399%27&START_TIME=%272027-06-01%27&STOP_TIME=%272028-09-01%27&STEP_SIZE=%271+d%27&TIME_TYPE=%27TDB%27&OUT_UNITS=%27AU-D%27&REF_SYSTEM=%27ICRF%27&REF_PLANE=%27ECLIPTIC%27&VEC_TABLE=%273%27&VEC_CORR=%27NONE%27&CSV_FORMAT=%27YES%27&VEC_LABELS=%27YES%27,46f75016a9ff61aca5f86e314d0fc1c257c74e69642c72079c12fd077fb2fd8b,2026-10-09T11:23:13+00:00,CAPTURED_CURRENT,,"Geocentric geometric state vectors plus Earth-relative range/time comparison; not launch, delta-v, route, mining or target feasibility. Statistical state uncertainty/covariance is not attached in this lane.",Mark III + Mark V only,Post-mission successor/next model of Mark III; not current input
Likho,785648,August 2028,2028-08-01,2028-09-01,31,2028-08-01,2028-08-31,2.054099993247912,2028-08-01,2.114589643563098,2028-08-31,2.083812913799359,2.08353103790177,2.054099993247912,2.114589643563098,0.06048965031518616,0.001804533886396799,0.002083258192189056,0.002013085170640277,2461984.5,-0.7640557947316634,1.900648241838953,0.1519269087177607,-0.03101394729391493,-0.01066346498623949,0.001828529763404818,0.032846886204907555,0.001804533886396799,-0.7640557947316634,1.900648241838953,0.1519269087177607,-0.03101394729391493,-0.01066346498623949,0.001828529763404818,-1.572597019024726,1.400519986102049,0.1922803810781782,-0.02203902414893969,-0.02179465389771118,0.0008619884205997499,True,False,"Earth (399), geocentric 500@399",VECTORS,3,AU-D,1 day,ICRF,ECLIPTIC,NASA/JPL Horizons API,1.2,https://ssd.jpl.nasa.gov/api/horizons.api?format=json&COMMAND=%27785648%3B%27&OBJ_DATA=%27NO%27&MAKE_EPHEM=%27YES%27&EPHEM_TYPE=%27VECTORS%27&CENTER=%27500%40399%27&START_TIME=%272027-06-01%27&STOP_TIME=%272028-09-01%27&STEP_SIZE=%271+d%27&TIME_TYPE=%27TDB%27&OUT_UNITS=%27AU-D%27&REF_SYSTEM=%27ICRF%27&REF_PLANE=%27ECLIPTIC%27&VEC_TABLE=%273%27&VEC_CORR=%27NONE%27&CSV_FORMAT=%27YES%27&VEC_LABELS=%27YES%27,46f75016a9ff61aca5f86e314d0fc1c257c74e69642c72079c12fd077fb2fd8b,2026-10-09T11:23:13+00:00,CAPTURED_CURRENT,,"Geocentric geometric state vectors plus Earth-relative range/time comparison; not launch, delta-v, route, mining or target feasibility. Statistical state uncertainty/covariance is not attached in this lane.",Mark III + Mark V only,Post-mission successor/next model of Mark III; not current input
Ninkasi,4947,June 2027,2027-06-01,2027-07-01,30,2027-06-01,2027-06-30,2.154621861635363,2027-06-01,2.181951188314733,2027-06-30,2.166671031676403,2.1657644972465873,2.154621861635363,2.181951188314733,0.027329326679369714,0.0005934669638123662,0.001272546335907529,0.0009420613797423103,2461557.5,0.8198259030492069,1.986160658018201,-0.1595202052007634,-0.03109469011029758,0.01314879828661955,-0.004107965108074163,0.03400949906668433,0.0005934669638123662,0.8198259030492069,1.986160658018201,-0.1595202052007634,-0.03109469011029758,0.01314879828661955,-0.004107965108074163,-0.1302371063664543,2.162135920586373,-0.2629021590316209,-0.03332580415817483,-0.001081394885156082,-0.00294596445046439,True,False,"Earth (399), geocentric 500@399",VECTORS,3,AU-D,1 day,ICRF,ECLIPTIC,NASA/JPL Horizons API,1.2,https://ssd.jpl.nasa.gov/api/horizons.api?format=json&COMMAND=%274947%3B%27&OBJ_DATA=%27NO%27&MAKE_EPHEM=%27YES%27&EPHEM_TYPE=%27VECTORS%27&CENTER=%27500%40399%27&START_TIME=%272027-06-01%27&STOP_TIME=%272028-09-01%27&STEP_SIZE=%271+d%27&TIME_TYPE=%27TDB%27&OUT_UNITS=%27AU-D%27&REF_SYSTEM=%27ICRF%27&REF_PLANE=%27ECLIPTIC%27&VEC_TABLE=%273%27&VEC_CORR=%27NONE%27&CSV_FORMAT=%27YES%27&VEC_LABELS=%27YES%27,c093f0aefe6b18e6b29d85198881f21747155b53a9c1a93a3f1bc31a3bc648a2,2026-10-09T11:23:15+00:00,CAPTURED_CURRENT,,"Geocentric geometric state vectors plus Earth-relative range/time comparison; not launch, delta-v, route, mining or target feasibility. Statistical state uncertainty/covariance is not attached in this lane.",Mark III + Mark V only,Post-mission successor/next model of Mark III; not current input
Ninkasi,4947,January 2028,2028-01-01,2028-02-01,31,2028-01-01,2028-01-31,1.807211832706396,2028-01-31,2.029127790766728,2028-01-01,1.922808311790072,1.925378305138739,2.029127790766728,1.807211832706396,-0.22191595806033204,-0.008311186022333952,-0.006400658365951827,-0.00739581555944828,2461801.5,-0.6558501582612218,-1.68400280346583,0.003120272739176692,0.01999529662967128,0.001138148553210315,0.003361914456738092,0.020307873799394728,-0.008311186022333952,-1.278963161651572,-1.57234214834398,-0.0967108625807544,0.02073674104134996,-0.008807673425198346,0.003256118618393586,-0.6558501582612218,-1.68400280346583,0.003120272739176692,0.01999529662967128,0.001138148553210315,0.003361914456738092,True,False,"Earth (399), geocentric 500@399",VECTORS,3,AU-D,1 day,ICRF,ECLIPTIC,NASA/JPL Horizons API,1.2,https://ssd.jpl.nasa.gov/api/horizons.api?format=json&COMMAND=%274947%3B%27&OBJ_DATA=%27NO%27&MAKE_EPHEM=%27YES%27&EPHEM_TYPE=%27VECTORS%27&CENTER=%27500%40399%27&START_TIME=%272027-06-01%27&STOP_TIME=%272028-09-01%27&STEP_SIZE=%271+d%27&TIME_TYPE=%27TDB%27&OUT_UNITS=%27AU-D%27&REF_SYSTEM=%27ICRF%27&REF_PLANE=%27ECLIPTIC%27&VEC_TABLE=%273%27&VEC_CORR=%27NONE%27&CSV_FORMAT=%27YES%27&VEC_LABELS=%27YES%27,c093f0aefe6b18e6b29d85198881f21747155b53a9c1a93a3f1bc31a3bc648a2,2026-10-09T11:23:15+00:00,CAPTURED_CURRENT,,"Geocentric geometric state vectors plus Earth-relative range/time comparison; not launch, delta-v, route, mining or target feasibility. Statistical state uncertainty/covariance is not attached in this lane.",Mark III + Mark V only,Post-mission successor/next model of Mark III; not current input
Ninkasi,4947,August 2028,2028-08-01,2028-09-01,31,2028-08-01,2028-08-31,0.4997893627937429,2028-08-11,0.5084009656261119,2028-08-31,0.5022455145836419,0.5013904599995148,0.5024026712510421,0.5084009656261119,0.005998294375069824,-0.0005734807174934551,0.0007368218585700354,0.00019600097343239778,2461994.5,0.09401043941144664,-0.3265869418135979,0.3664592936197469,-0.001557031582700792,-0.001606711399265228,-0.001003088486041827,0.002451949302266718,2.153435379801865e-05,0.1150292344501495,-0.314683935141496,0.3743671196377401,-0.002618026288876235,-0.0007327732009516009,-0.0005811424872250569,0.0878354935661071,-0.3697404367370072,0.3377106414685339,0.001009108828083687,-0.002486338639240737,-0.001875376384884192,True,False,"Earth (399), geocentric 500@399",VECTORS,3,AU-D,1 day,ICRF,ECLIPTIC,NASA/JPL Horizons API,1.2,https://ssd.jpl.nasa.gov/api/horizons.api?format=json&COMMAND=%274947%3B%27&OBJ_DATA=%27NO%27&MAKE_EPHEM=%27YES%27&EPHEM_TYPE=%27VECTORS%27&CENTER=%27500%40399%27&START_TIME=%272027-06-01%27&STOP_TIME=%272028-09-01%27&STEP_SIZE=%271+d%27&TIME_TYPE=%27TDB%27&OUT_UNITS=%27AU-D%27&REF_SYSTEM=%27ICRF%27&REF_PLANE=%27ECLIPTIC%27&VEC_TABLE=%273%27&VEC_CORR=%27NONE%27&CSV_FORMAT=%27YES%27&VEC_LABELS=%27YES%27,c093f0aefe6b18e6b29d85198881f21747155b53a9c1a93a3f1bc31a3bc648a2,2026-10-09T11:23:15+00:00,CAPTURED_CURRENT,,"Geocentric geometric state vectors plus Earth-relative range/time comparison; not launch, delta-v, route, mining or target feasibility. Statistical state uncertainty/covariance is not attached in this lane.",Mark III + Mark V only,Post-mission successor/next model of Mark III; not current input
Pocahontas,4487,June 2027,2027-06-01,2027-07-01,30,2027-06-01,2027-06-30,2.160086853542784,2027-06-01,2.526439607001112,2027-06-30,2.3469495121386386,2.348995610847251,2.160086853542784,2.526439607001112,0.36635275345832774,0.01176083696098235,0.01332722885938854,0.012629782981504646,2461557.5,-1.835161541166085,1.112835227517432,-0.2444485407391668,-0.01804750793466343,-0.003362143351690074,0.002416087487177376,0.018516317920006353,0.01332722885938854,-1.835161541166085,1.112835227517432,-0.2444485407391668,-0.01804750793466343,-0.003362143351690074,0.002416087487177376,-2.355763648832461,0.8965177290430772,-0.1718449306058951,-0.01720591945754841,-0.01157429672658917,0.002580658474865923,True,False,"Earth (399), geocentric 500@399",VECTORS,3,AU-D,1 day,ICRF,ECLIPTIC,NASA/JPL Horizons API,1.2,https://ssd.jpl.nasa.gov/api/horizons.api?format=json&COMMAND=%274487%3B%27&OBJ_DATA=%27NO%27&MAKE_EPHEM=%27YES%27&EPHEM_TYPE=%27VECTORS%27&CENTER=%27500%40399%27&START_TIME=%272027-06-01%27&STOP_TIME=%272028-09-01%27&STEP_SIZE=%271+d%27&TIME_TYPE=%27TDB%27&OUT_UNITS=%27AU-D%27&REF_SYSTEM=%27ICRF%27&REF_PLANE=%27ECLIPTIC%27&VEC_TABLE=%273%27&VEC_CORR=%27NONE%27&CSV_FORMAT=%27YES%27&VEC_LABELS=%27YES%27,31d1bc805978cfdd3426eb1bc2e7af61dec8c7e7fa75402e9236cd16a01c48e3,2026-10-09T11:23:18+00:00,CAPTURED_CURRENT,,"Geocentric geometric state vectors plus Earth-relative range/time comparison; not launch, delta-v, route, mining or target feasibility. Statistical state uncertainty/covariance is not attached in this lane.",Mark III + Mark V only,Post-mission successor/next model of Mark III; not current input
Pocahontas,4487,January 2028,2028-01-01,2028-02-01,31,2028-01-01,2028-01-31,2.458822174645663,2028-01-31,2.783384513410665,2028-01-01,2.626354561014493,2.629256305008683,2.783384513410665,2.458822174645663,-0.32456233876500207,-0.01181760296493259,-0.009648354974818215,-0.010815878581514655,2461801.5,-0.4007578597145994,-2.398143311895352,0.3662079737223047,0.02421723652305591,0.00834179331957531,0.001782264618015407,0.025675601799544527,-0.01181760296493259,-1.176850321334307,-2.503595694511892,0.3070199815829194,0.02676594135717323,-0.001591876371777975,0.00214647280033867,-0.4007578597145994,-2.398143311895352,0.3662079737223047,0.02421723652305591,0.00834179331957531,0.001782264618015407,True,False,"Earth (399), geocentric 500@399",VECTORS,3,AU-D,1 day,ICRF,ECLIPTIC,NASA/JPL Horizons API,1.2,https://ssd.jpl.nasa.gov/api/horizons.api?format=json&COMMAND=%274487%3B%27&OBJ_DATA=%27NO%27&MAKE_EPHEM=%27YES%27&EPHEM_TYPE=%27VECTORS%27&CENTER=%27500%40399%27&START_TIME=%272027-06-01%27&STOP_TIME=%272028-09-01%27&STEP_SIZE=%271+d%27&TIME_TYPE=%27TDB%27&OUT_UNITS=%27AU-D%27&REF_SYSTEM=%27ICRF%27&REF_PLANE=%27ECLIPTIC%27&VEC_TABLE=%273%27&VEC_CORR=%27NONE%27&CSV_FORMAT=%27YES%27&VEC_LABELS=%27YES%27,31d1bc805978cfdd3426eb1bc2e7af61dec8c7e7fa75402e9236cd16a01c48e3,2026-10-09T11:23:18+00:00,CAPTURED_CURRENT,,"Geocentric geometric state vectors plus Earth-relative range/time comparison; not launch, delta-v, route, mining or target feasibility. Statistical state uncertainty/covariance is not attached in this lane.",Mark III + Mark V only,Post-mission successor/next model of Mark III; not current input
Pocahontas,4487,August 2028,2028-08-01,2028-09-01,31,2028-08-01,2028-08-31,0.3680381432764907,2028-08-31,0.53501303236469,2028-08-01,0.44845617299631974,0.4467972612102937,0.53501303236469,0.3680381432764907,-0.1669748890881993,-0.006175828639537861,-0.004872429195315654,-0.0055644431249553886,2462014.5,0.2757157384936844,0.1763994491046092,0.1682740051489812,-0.004349687973079796,0.000957727760501436,-0.004533706862474411,0.006355432781584405,-0.004872429195315654,0.4372502523956091,0.1040158857176191,0.2902272507853393,-0.006196411280453402,0.00414354603106571,-0.003534337382640571,0.2757157384936844,0.1763994491046092,0.1682740051489812,-0.004349687973079796,0.000957727760501436,-0.004533706862474411,True,False,"Earth (399), geocentric 500@399",VECTORS,3,AU-D,1 day,ICRF,ECLIPTIC,NASA/JPL Horizons API,1.2,https://ssd.jpl.nasa.gov/api/horizons.api?format=json&COMMAND=%274487%3B%27&OBJ_DATA=%27NO%27&MAKE_EPHEM=%27YES%27&EPHEM_TYPE=%27VECTORS%27&CENTER=%27500%40399%27&START_TIME=%272027-06-01%27&STOP_TIME=%272028-09-01%27&STEP_SIZE=%271+d%27&TIME_TYPE=%27TDB%27&OUT_UNITS=%27AU-D%27&REF_SYSTEM=%27ICRF%27&REF_PLANE=%27ECLIPTIC%27&VEC_TABLE=%273%27&VEC_CORR=%27NONE%27&CSV_FORMAT=%27YES%27&VEC_LABELS=%27YES%27,31d1bc805978cfdd3426eb1bc2e7af61dec8c7e7fa75402e9236cd16a01c48e3,2026-10-09T11:23:18+00:00,CAPTURED_CURRENT,,"Geocentric geometric state vectors plus Earth-relative range/time comparison; not launch, delta-v, route, mining or target feasibility. Statistical state uncertainty/covariance is not attached in this lane.",Mark III + Mark V only,Post-mission successor/next model of Mark III; not current input
Duende,367943,June 2027,2027-06-01,2027-07-01,30,2027-06-01,2027-06-30,0.8054088204516732,2027-06-01,0.9446204469932156,2027-06-30,0.8726067610536118,0.8712529346836477,0.8054088204516732,0.9446204469932156,0.1392116265415424,0.004233824694268983,0.005240588353495504,0.004798222521116821,2461557.5,0.7704282512117809,0.2213409532747128,0.07830619515436678,0.0001504233382200961,0.01613801029937212,-0.003549313301051862,0.016524394951475393,0.004233824694268983,0.7704282512117809,0.2213409532747128,0.07830619515436678,0.0001504233382200961,0.01613801029937212,-0.003549313301051862,0.6341769447146295,0.6992948160662422,-0.03337891389725544,-0.009842649591400054,0.0158198721597169,-0.003882503997444429,True,False,"Earth (399), geocentric 500@399",VECTORS,3,AU-D,1 day,ICRF,ECLIPTIC,NASA/JPL Horizons API,1.2,https://ssd.jpl.nasa.gov/api/horizons.api?format=json&COMMAND=%27367943%3B%27&OBJ_DATA=%27NO%27&MAKE_EPHEM=%27YES%27&EPHEM_TYPE=%27VECTORS%27&CENTER=%27500%40399%27&START_TIME=%272027-06-01%27&STOP_TIME=%272028-09-01%27&STEP_SIZE=%271+d%27&TIME_TYPE=%27TDB%27&OUT_UNITS=%27AU-D%27&REF_SYSTEM=%27ICRF%27&REF_PLANE=%27ECLIPTIC%27&VEC_TABLE=%273%27&VEC_CORR=%27NONE%27&CSV_FORMAT=%27YES%27&VEC_LABELS=%27YES%27,540f8ec6d245c1a4a83d0d3f836f66e065dbe7a410e68dbadf847a073ee09a75,2026-10-09T11:23:20+00:00,CAPTURED_CURRENT,,"Geocentric geometric state vectors plus Earth-relative range/time comparison; not launch, delta-v, route, mining or target feasibility. Statistical state uncertainty/covariance is not attached in this lane.",Mark III + Mark V only,Post-mission successor/next model of Mark III; not current input
Duende,367943,January 2028,2028-01-01,2028-02-01,31,2028-01-01,2028-01-31,1.299637474947807,2028-01-31,1.324666598172047,2028-01-01,1.3104192563307289,1.309460369642322,1.324666598172047,1.299637474947807,-0.02502912322423989,-0.001133484589749237,-0.0004212086606234761,-0.0008323994018327055,2461801.5,-0.1404448507432504,-1.279699223393183,0.178052542344394,0.02423752038647769,-0.002083734760095703,0.001067452428323265,0.024350334694251862,-0.0004212086606234761,-0.8087356831258898,-1.042024268568464,0.1219574305483776,0.01939572532301784,-0.01331287458542183,0.002559807872532024,-0.1404448507432504,-1.279699223393183,0.178052542344394,0.02423752038647769,-0.002083734760095703,0.001067452428323265,True,False,"Earth (399), geocentric 500@399",VECTORS,3,AU-D,1 day,ICRF,ECLIPTIC,NASA/JPL Horizons API,1.2,https://ssd.jpl.nasa.gov/api/horizons.api?format=json&COMMAND=%27367943%3B%27&OBJ_DATA=%27NO%27&MAKE_EPHEM=%27YES%27&EPHEM_TYPE=%27VECTORS%27&CENTER=%27500%40399%27&START_TIME=%272027-06-01%27&STOP_TIME=%272028-09-01%27&STEP_SIZE=%271+d%27&TIME_TYPE=%27TDB%27&OUT_UNITS=%27AU-D%27&REF_SYSTEM=%27ICRF%27&REF_PLANE=%27ECLIPTIC%27&VEC_TABLE=%273%27&VEC_CORR=%27NONE%27&CSV_FORMAT=%27YES%27&VEC_LABELS=%27YES%27,540f8ec6d245c1a4a83d0d3f836f66e065dbe7a410e68dbadf847a073ee09a75,2026-10-09T11:23:20+00:00,CAPTURED_CURRENT,,"Geocentric geometric state vectors plus Earth-relative range/time comparison; not launch, delta-v, route, mining or target feasibility. Statistical state uncertainty/covariance is not attached in this lane.",Mark III + Mark V only,Post-mission successor/next model of Mark III; not current input
Duende,367943,August 2028,2028-08-01,2028-09-01,31,2028-08-01,2028-08-31,1.759936429947119,2028-08-01,1.819739851358135,2028-08-31,1.792991720915432,1.794750803055759,1.759936429947119,1.819739851358135,0.05980342141101613,0.001328920295833769,0.002616746006116752,0.0019927635060643244,2461984.5,-0.5002871502011101,1.67890991169639,-0.1683761063995786,-0.03042453231232769,-0.00620601537026829,0.001166170364475361,0.031072926262565914,0.002616746006116752,-0.5002871502011101,1.67890991169639,-0.1683761063995786,-0.03042453231232769,-0.00620601537026829,0.001166170364475361,-1.311320639087484,1.257058869326836,-0.1081402199501038,-0.02228851979247837,-0.02109406481937848,0.002705982341810774,True,False,"Earth (399), geocentric 500@399",VECTORS,3,AU-D,1 day,ICRF,ECLIPTIC,NASA/JPL Horizons API,1.2,https://ssd.jpl.nasa.gov/api/horizons.api?format=json&COMMAND=%27367943%3B%27&OBJ_DATA=%27NO%27&MAKE_EPHEM=%27YES%27&EPHEM_TYPE=%27VECTORS%27&CENTER=%27500%40399%27&START_TIME=%272027-06-01%27&STOP_TIME=%272028-09-01%27&STEP_SIZE=%271+d%27&TIME_TYPE=%27TDB%27&OUT_UNITS=%27AU-D%27&REF_SYSTEM=%27ICRF%27&REF_PLANE=%27ECLIPTIC%27&VEC_TABLE=%273%27&VEC_CORR=%27NONE%27&CSV_FORMAT=%27YES%27&VEC_LABELS=%27YES%27,540f8ec6d245c1a4a83d0d3f836f66e065dbe7a410e68dbadf847a073ee09a75,2026-10-09T11:23:20+00:00,CAPTURED_CURRENT,,"Geocentric geometric state vectors plus Earth-relative range/time comparison; not launch, delta-v, route, mining or target feasibility. Statistical state uncertainty/covariance is not attached in this lane.",Mark III + Mark V only,Post-mission successor/next model of Mark III; not current input
Agni,398188,June 2027,2027-06-01,2027-07-01,30,2027-06-01,2027-06-30,0.8536303149041454,2027-06-30,0.9604989045071807,2027-06-01,0.9026523876522184,0.9002168215033185,0.9604989045071807,0.8536303149041454,-0.10686858960303525,-0.004402470098239216,-0.002510732515293591,-0.003677243257818518,2461586.5,0.7018393505238122,0.4827315435514924,-0.05546618285097411,-0.01205745698922486,0.01271729789859774,-0.003247375985939647,0.0178229454827967,-0.002510732515293591,0.9569947636615911,0.07063134569043795,0.04159784717683718,-0.005411481671774192,0.01540660416594161,-0.003317413690173263,0.7018393505238122,0.4827315435514924,-0.05546618285097411,-0.01205745698922486,0.01271729789859774,-0.003247375985939647,True,False,"Earth (399), geocentric 500@399",VECTORS,3,AU-D,1 day,ICRF,ECLIPTIC,NASA/JPL Horizons API,1.2,https://ssd.jpl.nasa.gov/api/horizons.api?format=json&COMMAND=%27398188%3B%27&OBJ_DATA=%27NO%27&MAKE_EPHEM=%27YES%27&EPHEM_TYPE=%27VECTORS%27&CENTER=%27500%40399%27&START_TIME=%272027-06-01%27&STOP_TIME=%272028-09-01%27&STEP_SIZE=%271+d%27&TIME_TYPE=%27TDB%27&OUT_UNITS=%27AU-D%27&REF_SYSTEM=%27ICRF%27&REF_PLANE=%27ECLIPTIC%27&VEC_TABLE=%273%27&VEC_CORR=%27NONE%27&CSV_FORMAT=%27YES%27&VEC_LABELS=%27YES%27,934b352a2b66a75f5d687244f7146bd56bc8c08c6fd4eb5294530794ddd1a29c,2026-10-09T11:23:23+00:00,CAPTURED_CURRENT,,"Geocentric geometric state vectors plus Earth-relative range/time comparison; not launch, delta-v, route, mining or target feasibility. Statistical state uncertainty/covariance is not attached in this lane.",Mark III + Mark V only,Post-mission successor/next model of Mark III; not current input
Agni,398188,January 2028,2028-01-01,2028-02-01,31,2028-01-01,2028-01-31,1.896825513253236,2028-01-01,1.93110524541632,2028-01-29,1.9201981319527563,1.923684960777437,1.896825513253236,1.930935590406981,0.03411007715374503,-0.0001706053268764935,0.0024407101379867,0.0011369442332080817,2461771.5,-0.2612921802791432,-1.86590315382654,0.2192688869711004,0.02937111124417788,-0.006649753634826799,-0.0004731785089281782,0.030118188807149015,0.0024407101379867,-0.2612921802791432,-1.86590315382654,0.2192688869711004,0.02937111124417788,-0.006649753634826799,-0.0004731785089281782,0.6087667320728763,-1.823556415590734,0.1804364690951903,0.02733983792633782,0.009108327190246535,-0.00201435555764646,True,False,"Earth (399), geocentric 500@399",VECTORS,3,AU-D,1 day,ICRF,ECLIPTIC,NASA/JPL Horizons API,1.2,https://ssd.jpl.nasa.gov/api/horizons.api?format=json&COMMAND=%27398188%3B%27&OBJ_DATA=%27NO%27&MAKE_EPHEM=%27YES%27&EPHEM_TYPE=%27VECTORS%27&CENTER=%27500%40399%27&START_TIME=%272027-06-01%27&STOP_TIME=%272028-09-01%27&STEP_SIZE=%271+d%27&TIME_TYPE=%27TDB%27&OUT_UNITS=%27AU-D%27&REF_SYSTEM=%27ICRF%27&REF_PLANE=%27ECLIPTIC%27&VEC_TABLE=%273%27&VEC_CORR=%27NONE%27&CSV_FORMAT=%27YES%27&VEC_LABELS=%27YES%27,934b352a2b66a75f5d687244f7146bd56bc8c08c6fd4eb5294530794ddd1a29c,2026-10-09T11:23:23+00:00,CAPTURED_CURRENT,,"Geocentric geometric state vectors plus Earth-relative range/time comparison; not launch, delta-v, route, mining or target feasibility. Statistical state uncertainty/covariance is not attached in this lane.",Mark III + Mark V only,Post-mission successor/next model of Mark III; not current input
Agni,398188,August 2028,2028-08-01,2028-09-01,31,2028-08-01,2028-08-31,1.663733285302293,2028-08-01,1.725831694508466,2028-08-31,1.6926521703941821,1.691449232026756,1.663733285302293,1.725831694508466,0.06209840920617293,0.001748667656255758,0.002602223153377546,0.0020734617063279384,2461984.5,-1.113925870656173,1.235767784614318,0.007455321258468403,-0.03089052916732526,-0.02552336319341913,0.005433297229643012,0.04043745268592226,0.001748667656255758,-1.113925870656173,1.235767784614318,0.007455321258468403,-0.03089052916732526,-0.02552336319341913,0.005433297229643012,-1.698564441366695,0.2672548694739322,0.1481509737972765,-0.007952312530584748,-0.03570418931006028,0.003547748242604355,True,False,"Earth (399), geocentric 500@399",VECTORS,3,AU-D,1 day,ICRF,ECLIPTIC,NASA/JPL Horizons API,1.2,https://ssd.jpl.nasa.gov/api/horizons.api?format=json&COMMAND=%27398188%3B%27&OBJ_DATA=%27NO%27&MAKE_EPHEM=%27YES%27&EPHEM_TYPE=%27VECTORS%27&CENTER=%27500%40399%27&START_TIME=%272027-06-01%27&STOP_TIME=%272028-09-01%27&STEP_SIZE=%271+d%27&TIME_TYPE=%27TDB%27&OUT_UNITS=%27AU-D%27&REF_SYSTEM=%27ICRF%27&REF_PLANE=%27ECLIPTIC%27&VEC_TABLE=%273%27&VEC_CORR=%27NONE%27&CSV_FORMAT=%27YES%27&VEC_LABELS=%27YES%27,934b352a2b66a75f5d687244f7146bd56bc8c08c6fd4eb5294530794ddd1a29c,2026-10-09T11:23:23+00:00,CAPTURED_CURRENT,,"Geocentric geometric state vectors plus Earth-relative range/time comparison; not launch, delta-v, route, mining or target feasibility. Statistical state uncertainty/covariance is not attached in this lane.",Mark III + Mark V only,Post-mission successor/next model of Mark III; not current input
Kamo`oalewa,469219,June 2027,2027-06-01,2027-07-01,30,2027-06-01,2027-06-30,0.2582481336421936,2027-06-01,0.2826149655832723,2027-06-30,0.2723008172599559,0.27334591692363136,0.2582481336421936,0.2826149655832723,0.024366831941078693,0.0004083689386730259,0.001195643090349492,0.0008389121030994673,2461557.5,-0.2475749629577056,0.06944023268485341,0.02401645958171944,-0.001995159013632792,-0.001912510230971811,-0.002180740532586654,0.0035205090745115755,0.001195643090349492,-0.2475749629577056,0.06944023268485341,0.02401645958171944,-0.001995159013632792,-0.001912510230971811,-0.002180740532586654,-0.2798280247327873,-0.003015472452260851,-0.03947660410509525,-8.340932363370968e-05,-0.002825139483233809,-0.002116488458929167,True,False,"Earth (399), geocentric 500@399",VECTORS,3,AU-D,1 day,ICRF,ECLIPTIC,NASA/JPL Horizons API,1.2,https://ssd.jpl.nasa.gov/api/horizons.api?format=json&COMMAND=%27469219%3B%27&OBJ_DATA=%27NO%27&MAKE_EPHEM=%27YES%27&EPHEM_TYPE=%27VECTORS%27&CENTER=%27500%40399%27&START_TIME=%272027-06-01%27&STOP_TIME=%272028-09-01%27&STEP_SIZE=%271+d%27&TIME_TYPE=%27TDB%27&OUT_UNITS=%27AU-D%27&REF_SYSTEM=%27ICRF%27&REF_PLANE=%27ECLIPTIC%27&VEC_TABLE=%273%27&VEC_CORR=%27NONE%27&CSV_FORMAT=%27YES%27&VEC_LABELS=%27YES%27,db8df25092060ba75a039bba64007587dccb4dd99057e72df79546ceaebe589d,2026-10-09T11:23:25+00:00,CAPTURED_CURRENT,,"Geocentric geometric state vectors plus Earth-relative range/time comparison; not launch, delta-v, route, mining or target feasibility. Statistical state uncertainty/covariance is not attached in this lane.",Mark III + Mark V only,Post-mission successor/next model of Mark III; not current input
Kamo`oalewa,469219,January 2028,2028-01-01,2028-02-01,31,2028-01-01,2028-01-31,0.1557710005444966,2028-01-01,0.167423987356116,2028-01-31,0.16296158802280203,0.163739777554898,0.1557710005444966,0.167423987356116,0.011652986811619387,0.000142979794221476,0.0006856024461563828,0.0003892954628331182,2461771.5,-0.1258604101371781,-0.01271562880481339,0.09089595455702681,0.0005600964192565303,-0.0004616290821676191,0.001885903952916063,0.0020207531091133665,0.0006856024461563828,-0.1258604101371781,-0.01271562880481339,0.09089595455702681,0.0005600964192565303,-0.0004616290821676191,0.001885903952916063,-0.09968683144962999,-0.01145544985192153,0.1340227586883813,0.0009640520845303524,0.0006725089590143353,0.0009531622750068741,True,False,"Earth (399), geocentric 500@399",VECTORS,3,AU-D,1 day,ICRF,ECLIPTIC,NASA/JPL Horizons API,1.2,https://ssd.jpl.nasa.gov/api/horizons.api?format=json&COMMAND=%27469219%3B%27&OBJ_DATA=%27NO%27&MAKE_EPHEM=%27YES%27&EPHEM_TYPE=%27VECTORS%27&CENTER=%27500%40399%27&START_TIME=%272027-06-01%27&STOP_TIME=%272028-09-01%27&STEP_SIZE=%271+d%27&TIME_TYPE=%27TDB%27&OUT_UNITS=%27AU-D%27&REF_SYSTEM=%27ICRF%27&REF_PLANE=%27ECLIPTIC%27&VEC_TABLE=%273%27&VEC_CORR=%27NONE%27&CSV_FORMAT=%27YES%27&VEC_LABELS=%27YES%27,db8df25092060ba75a039bba64007587dccb4dd99057e72df79546ceaebe589d,2026-10-09T11:23:25+00:00,CAPTURED_CURRENT,,"Geocentric geometric state vectors plus Earth-relative range/time comparison; not launch, delta-v, route, mining or target feasibility. Statistical state uncertainty/covariance is not attached in this lane.",Mark III + Mark V only,Post-mission successor/next model of Mark III; not current input
Kamo`oalewa,469219,August 2028,2028-08-01,2028-09-01,31,2028-08-01,2028-08-31,0.232599350465555,2028-08-31,0.2787689443863492,2028-08-01,0.25842157085006084,0.2599349512996526,0.2787689443863492,0.232599350465555,-0.0461695939207942,-0.002072509357063182,-0.0009472307832430214,-0.0015380081901930258,2462014.5,-0.1651969032843101,-0.1071376991587782,-0.123830345235873,0.002743118859609767,0.0004832083287029233,-0.0001846093473266672,0.0027914641280150886,-0.002072509357063182,-0.2460893844227543,-0.08595522375593008,-0.09881213861554328,0.002280891827713702,-0.001838674256260762,-0.001408744766799179,-0.1651969032843101,-0.1071376991587782,-0.123830345235873,0.002743118859609767,0.0004832083287029233,-0.0001846093473266672,True,False,"Earth (399), geocentric 500@399",VECTORS,3,AU-D,1 day,ICRF,ECLIPTIC,NASA/JPL Horizons API,1.2,https://ssd.jpl.nasa.gov/api/horizons.api?format=json&COMMAND=%27469219%3B%27&OBJ_DATA=%27NO%27&MAKE_EPHEM=%27YES%27&EPHEM_TYPE=%27VECTORS%27&CENTER=%27500%40399%27&START_TIME=%272027-06-01%27&STOP_TIME=%272028-09-01%27&STEP_SIZE=%271+d%27&TIME_TYPE=%27TDB%27&OUT_UNITS=%27AU-D%27&REF_SYSTEM=%27ICRF%27&REF_PLANE=%27ECLIPTIC%27&VEC_TABLE=%273%27&VEC_CORR=%27NONE%27&CSV_FORMAT=%27YES%27&VEC_LABELS=%27YES%27,db8df25092060ba75a039bba64007587dccb4dd99057e72df79546ceaebe589d,2026-10-09T11:23:25+00:00,CAPTURED_CURRENT,,"Geocentric geometric state vectors plus Earth-relative range/time comparison; not launch, delta-v, route, mining or target feasibility. Statistical state uncertainty/covariance is not attached in this lane.",Mark III + Mark V only,Post-mission successor/next model of Mark III; not current input
Vishnu,4034,June 2027,2027-06-01,2027-07-01,30,2027-06-01,2027-06-30,0.9585013974138109,2027-06-01,1.095341086427314,2027-06-30,1.01191954514906,1.0036511194769795,0.9585013974138109,1.095341086427314,0.13683968901350319,0.001111748812019347,0.007549849700477099,0.004705241384643911,2461557.5,-0.5256791313135265,0.7960124813117863,0.09354415717476616,-0.02055379571886569,-0.01267656384222995,0.003758806112374437,0.02443936195340248,0.001111748812019347,-0.5256791313135265,0.7960124813117863,0.09354415717476616,-0.02055379571886569,-0.01267656384222995,0.003758806112374437,-1.019980991388058,0.3536061891597718,0.1854010135104613,-0.01372338002498947,-0.01754987753077319,0.0025772195902809,True,False,"Earth (399), geocentric 500@399",VECTORS,3,AU-D,1 day,ICRF,ECLIPTIC,NASA/JPL Horizons API,1.2,https://ssd.jpl.nasa.gov/api/horizons.api?format=json&COMMAND=%274034%3B%27&OBJ_DATA=%27NO%27&MAKE_EPHEM=%27YES%27&EPHEM_TYPE=%27VECTORS%27&CENTER=%27500%40399%27&START_TIME=%272027-06-01%27&STOP_TIME=%272028-09-01%27&STEP_SIZE=%271+d%27&TIME_TYPE=%27TDB%27&OUT_UNITS=%27AU-D%27&REF_SYSTEM=%27ICRF%27&REF_PLANE=%27ECLIPTIC%27&VEC_TABLE=%273%27&VEC_CORR=%27NONE%27&CSV_FORMAT=%27YES%27&VEC_LABELS=%27YES%27,f6e08a2b2774853263cc06b0c3834fbe12438f0bf42c17c3e5d94ce73a328e21,2026-10-09T11:23:28+00:00,CAPTURED_CURRENT,,"Geocentric geometric state vectors plus Earth-relative range/time comparison; not launch, delta-v, route, mining or target feasibility. Statistical state uncertainty/covariance is not attached in this lane.",Mark III + Mark V only,Post-mission successor/next model of Mark III; not current input
Vishnu,4034,January 2028,2028-01-01,2028-02-01,31,2028-01-01,2028-01-31,2.250912627455352,2028-01-31,2.346056616048922,2028-01-01,2.3066384293064592,2.311134297702897,2.346056616048922,2.250912627455352,-0.09514398859356987,-0.004809433275589159,-0.001436991632408088,-0.0031698531198801625,2461801.5,1.560202464191951,-1.619960942313293,0.0900137353227202,0.01792130247173451,0.02379600195770475,-0.002642714618072979,0.029906633578640415,-0.004809433275589159,0.9036699826260883,-2.158910217924712,0.1626925909430264,0.02484596806241657,0.01179715176144152,-0.002180970697368235,1.560202464191951,-1.619960942313293,0.0900137353227202,0.01792130247173451,0.02379600195770475,-0.002642714618072979,True,False,"Earth (399), geocentric 500@399",VECTORS,3,AU-D,1 day,ICRF,ECLIPTIC,NASA/JPL Horizons API,1.2,https://ssd.jpl.nasa.gov/api/horizons.api?format=json&COMMAND=%274034%3B%27&OBJ_DATA=%27NO%27&MAKE_EPHEM=%27YES%27&EPHEM_TYPE=%27VECTORS%27&CENTER=%27500%40399%27&START_TIME=%272027-06-01%27&STOP_TIME=%272028-09-01%27&STEP_SIZE=%271+d%27&TIME_TYPE=%27TDB%27&OUT_UNITS=%27AU-D%27&REF_SYSTEM=%27ICRF%27&REF_PLANE=%27ECLIPTIC%27&VEC_TABLE=%273%27&VEC_CORR=%27NONE%27&CSV_FORMAT=%27YES%27&VEC_LABELS=%27YES%27,f6e08a2b2774853263cc06b0c3834fbe12438f0bf42c17c3e5d94ce73a328e21,2026-10-09T11:23:28+00:00,CAPTURED_CURRENT,,"Geocentric geometric state vectors plus Earth-relative range/time comparison; not launch, delta-v, route, mining or target feasibility. Statistical state uncertainty/covariance is not attached in this lane.",Mark III + Mark V only,Post-mission successor/next model of Mark III; not current input
Vishnu,4034,August 2028,2028-08-01,2028-09-01,31,2028-08-01,2028-08-31,1.540353854467323,2028-08-01,1.805155080578579,2028-08-31,1.669568603196064,1.667828248353724,1.540353854467323,1.805155080578579,0.264801226111256,0.007922861303775295,0.009262456962770239,0.00881891205918379,2461984.5,-1.522808962796097,0.1400306631687826,0.1847546296381333,-0.01010063655967148,-0.02610539677885524,0.002588438995172026,0.02811075623891618,0.007922861303775295,-1.522808962796097,0.1400306631687826,0.1847546296381333,-0.01010063655967148,-0.02610539677885524,0.002588438995172026,-1.660363152408547,-0.6644461392382754,0.2455410253174797,0.0009348206942453852,-0.02694689236995597,0.001496916776564407,True,False,"Earth (399), geocentric 500@399",VECTORS,3,AU-D,1 day,ICRF,ECLIPTIC,NASA/JPL Horizons API,1.2,https://ssd.jpl.nasa.gov/api/horizons.api?format=json&COMMAND=%274034%3B%27&OBJ_DATA=%27NO%27&MAKE_EPHEM=%27YES%27&EPHEM_TYPE=%27VECTORS%27&CENTER=%27500%40399%27&START_TIME=%272027-06-01%27&STOP_TIME=%272028-09-01%27&STEP_SIZE=%271+d%27&TIME_TYPE=%27TDB%27&OUT_UNITS=%27AU-D%27&REF_SYSTEM=%27ICRF%27&REF_PLANE=%27ECLIPTIC%27&VEC_TABLE=%273%27&VEC_CORR=%27NONE%27&CSV_FORMAT=%27YES%27&VEC_LABELS=%27YES%27,f6e08a2b2774853263cc06b0c3834fbe12438f0bf42c17c3e5d94ce73a328e21,2026-10-09T11:23:28+00:00,CAPTURED_CURRENT,,"Geocentric geometric state vectors plus Earth-relative range/time comparison; not launch, delta-v, route, mining or target feasibility. Statistical state uncertainty/covariance is not attached in this lane.",Mark III + Mark V only,Post-mission successor/next model of Mark III; not current input
Cerberus,1865,June 2027,2027-06-01,2027-07-01,30,2027-06-01,2027-06-30,1.166844620662813,2027-06-30,1.277040370591286,2027-06-01,1.2303562268746726,1.234989860338332,1.277040370591286,1.166844620662813,-0.11019574992847314,-0.005505581105543729,-0.001893349493875815,-0.003796388041300268,2461586.5,1.064766532240974,0.3191994141926588,0.3548384626394621,-0.007456422466715058,0.005093484359473386,-0.000311820276581562,0.009035433072477516,-0.005505581105543729,1.225828880330589,0.08764678766106322,0.3471220316834961,-0.002984999028542638,0.01057235002364839,0.0009062569681950128,1.064766532240974,0.3191994141926588,0.3548384626394621,-0.007456422466715058,0.005093484359473386,-0.000311820276581562,True,False,"Earth (399), geocentric 500@399",VECTORS,3,AU-D,1 day,ICRF,ECLIPTIC,NASA/JPL Horizons API,1.2,https://ssd.jpl.nasa.gov/api/horizons.api?format=json&COMMAND=%271865%3B%27&OBJ_DATA=%27NO%27&MAKE_EPHEM=%27YES%27&EPHEM_TYPE=%27VECTORS%27&CENTER=%27500%40399%27&START_TIME=%272027-06-01%27&STOP_TIME=%272028-09-01%27&STEP_SIZE=%271+d%27&TIME_TYPE=%27TDB%27&OUT_UNITS=%27AU-D%27&REF_SYSTEM=%27ICRF%27&REF_PLANE=%27ECLIPTIC%27&VEC_TABLE=%273%27&VEC_CORR=%27NONE%27&CSV_FORMAT=%27YES%27&VEC_LABELS=%27YES%27,07a677e1f24363b4b39a34e5384c72695a78c0c68e271911cd9c6282593c4672,2026-10-09T11:23:30+00:00,CAPTURED_CURRENT,,"Geocentric geometric state vectors plus Earth-relative range/time comparison; not launch, delta-v, route, mining or target feasibility. Statistical state uncertainty/covariance is not attached in this lane.",Mark III + Mark V only,Post-mission successor/next model of Mark III; not current input
Cerberus,1865,January 2028,2028-01-01,2028-02-01,31,2028-01-01,2028-01-31,1.055819167207542,2028-01-01,1.09327138956265,2028-01-22,1.0831557746369953,1.087865271733564,1.055819167207542,1.084519394552843,0.028700227345300977,-0.001910546810395378,0.00347380468906411,0.0009508359969144863,2461771.5,1.048551206367465,-0.1003656830996479,-0.07225794851850124,0.003964902286187776,0.007098204244040332,-0.003082326869754847,0.008695153394917306,0.00347380468906411,1.048551206367465,-0.1003656830996479,-0.07225794851850124,0.003964902286187776,0.007098204244040332,-0.003082326869754847,1.060382450446246,0.1656317739833755,-0.1560047800357393,-0.003815470442199422,0.009710072695254045,-0.002343109364492421,True,False,"Earth (399), geocentric 500@399",VECTORS,3,AU-D,1 day,ICRF,ECLIPTIC,NASA/JPL Horizons API,1.2,https://ssd.jpl.nasa.gov/api/horizons.api?format=json&COMMAND=%271865%3B%27&OBJ_DATA=%27NO%27&MAKE_EPHEM=%27YES%27&EPHEM_TYPE=%27VECTORS%27&CENTER=%27500%40399%27&START_TIME=%272027-06-01%27&STOP_TIME=%272028-09-01%27&STEP_SIZE=%271+d%27&TIME_TYPE=%27TDB%27&OUT_UNITS=%27AU-D%27&REF_SYSTEM=%27ICRF%27&REF_PLANE=%27ECLIPTIC%27&VEC_TABLE=%273%27&VEC_CORR=%27NONE%27&CSV_FORMAT=%27YES%27&VEC_LABELS=%27YES%27,07a677e1f24363b4b39a34e5384c72695a78c0c68e271911cd9c6282593c4672,2026-10-09T11:23:30+00:00,CAPTURED_CURRENT,,"Geocentric geometric state vectors plus Earth-relative range/time comparison; not launch, delta-v, route, mining or target feasibility. Statistical state uncertainty/covariance is not attached in this lane.",Mark III + Mark V only,Post-mission successor/next model of Mark III; not current input
Cerberus,1865,August 2028,2028-08-01,2028-09-01,31,2028-08-01,2028-08-31,0.5488851643612673,2028-08-19,0.5681101988675545,2028-08-01,0.5551086249048579,0.5535650193298213,0.5681101988675545,0.5625502394657202,-0.005559959401834291,-0.001862598314343307,0.002293823676031999,-0.00017199491363733982,2462002.5,0.4133591992152025,-0.07928633185190644,0.3523106209888249,-0.0007217009912863564,-0.006520040002049401,-0.0005235647741308213,0.006580721390688009,6.225506349239417e-05,0.4423997213851872,0.01959054997837965,0.3558762354066167,-0.002316720771222949,-0.004368178461167377,0.0001470470298263948,0.4141481502671976,-0.1638002556085469,0.3436765307898876,0.0009094812389269139,-0.007484443844970485,-0.0009084784717092711,True,False,"Earth (399), geocentric 500@399",VECTORS,3,AU-D,1 day,ICRF,ECLIPTIC,NASA/JPL Horizons API,1.2,https://ssd.jpl.nasa.gov/api/horizons.api?format=json&COMMAND=%271865%3B%27&OBJ_DATA=%27NO%27&MAKE_EPHEM=%27YES%27&EPHEM_TYPE=%27VECTORS%27&CENTER=%27500%40399%27&START_TIME=%272027-06-01%27&STOP_TIME=%272028-09-01%27&STEP_SIZE=%271+d%27&TIME_TYPE=%27TDB%27&OUT_UNITS=%27AU-D%27&REF_SYSTEM=%27ICRF%27&REF_PLANE=%27ECLIPTIC%27&VEC_TABLE=%273%27&VEC_CORR=%27NONE%27&CSV_FORMAT=%27YES%27&VEC_LABELS=%27YES%27,07a677e1f24363b4b39a34e5384c72695a78c0c68e271911cd9c6282593c4672,2026-10-09T11:23:30+00:00,CAPTURED_CURRENT,,"Geocentric geometric state vectors plus Earth-relative range/time comparison; not launch, delta-v, route, mining or target feasibility. Statistical state uncertainty/covariance is not attached in this lane.",Mark III + Mark V only,Post-mission successor/next model of Mark III; not current input
Minos,6239,June 2027,2027-06-01,2027-07-01,30,2027-06-01,2027-06-30,2.174315145394091,2027-06-30,2.314634606523898,2027-06-01,2.2503373289322,2.253568539572666,2.314634606523898,2.174315145394091,-0.1403194611298071,-0.006012478083641235,-0.003500100239331873,-0.00483577043871135,2461586.5,-0.4980922251976002,2.115440972331053,0.06678307623100618,-0.02843446377705327,-0.01284580654976483,-0.0009203229183464504,0.031215068003715277,-0.006012478083641235,0.3402997346891046,2.287773376686173,0.0884444979323565,-0.02841189206480764,0.000707445541194452,-0.0005808036044244449,-0.4980922251976002,2.115440972331053,0.06678307623100618,-0.02843446377705327,-0.01284580654976483,-0.0009203229183464504,True,False,"Earth (399), geocentric 500@399",VECTORS,3,AU-D,1 day,ICRF,ECLIPTIC,NASA/JPL Horizons API,1.2,https://ssd.jpl.nasa.gov/api/horizons.api?format=json&COMMAND=%276239%3B%27&OBJ_DATA=%27NO%27&MAKE_EPHEM=%27YES%27&EPHEM_TYPE=%27VECTORS%27&CENTER=%27500%40399%27&START_TIME=%272027-06-01%27&STOP_TIME=%272028-09-01%27&STEP_SIZE=%271+d%27&TIME_TYPE=%27TDB%27&OUT_UNITS=%27AU-D%27&REF_SYSTEM=%27ICRF%27&REF_PLANE=%27ECLIPTIC%27&VEC_TABLE=%273%27&VEC_CORR=%27NONE%27&CSV_FORMAT=%27YES%27&VEC_LABELS=%27YES%27,7327b58bbe0ef054d82acf63380df9ff31290d71b998970713f154b7aa9eb9d1,2026-10-09T11:23:32+00:00,CAPTURED_CURRENT,,"Geocentric geometric state vectors plus Earth-relative range/time comparison; not launch, delta-v, route, mining or target feasibility. Statistical state uncertainty/covariance is not attached in this lane.",Mark III + Mark V only,Post-mission successor/next model of Mark III; not current input
Minos,6239,January 2028,2028-01-01,2028-02-01,31,2028-01-01,2028-01-31,1.840660101217697,2028-01-01,2.128566226614112,2028-01-31,1.9853578077849856,1.985766626342659,1.840660101217697,2.128566226614112,0.287906125396415,0.009264451105198617,0.00970835386405396,0.009590856585361192,2461771.5,1.396199830542609,-1.199416290297553,0.007496931131454005,0.02553126020772747,0.01504209801939327,0.0009546007765826747,0.02964829208002335,0.009568393608077973,1.396199830542609,-1.199416290297553,0.007496931131454005,0.02553126020772747,0.01504209801939327,0.0009546007765826747,2.038092048878262,-0.612976645788088,0.03513706162773234,0.01672080116440116,0.02347449941324279,0.0008761614392616148,True,False,"Earth (399), geocentric 500@399",VECTORS,3,AU-D,1 day,ICRF,ECLIPTIC,NASA/JPL Horizons API,1.2,https://ssd.jpl.nasa.gov/api/horizons.api?format=json&COMMAND=%276239%3B%27&OBJ_DATA=%27NO%27&MAKE_EPHEM=%27YES%27&EPHEM_TYPE=%27VECTORS%27&CENTER=%27500%40399%27&START_TIME=%272027-06-01%27&STOP_TIME=%272028-09-01%27&STEP_SIZE=%271+d%27&TIME_TYPE=%27TDB%27&OUT_UNITS=%27AU-D%27&REF_SYSTEM=%27ICRF%27&REF_PLANE=%27ECLIPTIC%27&VEC_TABLE=%273%27&VEC_CORR=%27NONE%27&CSV_FORMAT=%27YES%27&VEC_LABELS=%27YES%27,7327b58bbe0ef054d82acf63380df9ff31290d71b998970713f154b7aa9eb9d1,2026-10-09T11:23:32+00:00,CAPTURED_CURRENT,,"Geocentric geometric state vectors plus Earth-relative range/time comparison; not launch, delta-v, route, mining or target feasibility. Statistical state uncertainty/covariance is not attached in this lane.",Mark III + Mark V only,Post-mission successor/next model of Mark III; not current input
Minos,6239,August 2028,2028-08-01,2028-09-01,31,2028-08-01,2028-08-31,1.968482940925467,2028-08-31,2.236177294529487,2028-08-01,2.104698606084454,2.106033431225932,2.236177294529487,1.968482940925467,-0.26769435360402016,-0.009268101291165162,-0.008313340847151,-0.008918728636906731,2462014.5,-1.01984496931558,1.681572842988702,0.08458191886670792,-0.01872814889282418,-0.02217511154635363,-0.00064839333877913,0.029032732337256697,-0.009268101291165162,-0.349854169105715,2.206409839575138,0.09922989849122583,-0.02528680789515066,-0.01241996595355024,-0.0003352227804489719,-1.01984496931558,1.681572842988702,0.08458191886670792,-0.01872814889282418,-0.02217511154635363,-0.00064839333877913,True,False,"Earth (399), geocentric 500@399",VECTORS,3,AU-D,1 day,ICRF,ECLIPTIC,NASA/JPL Horizons API,1.2,https://ssd.jpl.nasa.gov/api/horizons.api?format=json&COMMAND=%276239%3B%27&OBJ_DATA=%27NO%27&MAKE_EPHEM=%27YES%27&EPHEM_TYPE=%27VECTORS%27&CENTER=%27500%40399%27&START_TIME=%272027-06-01%27&STOP_TIME=%272028-09-01%27&STEP_SIZE=%271+d%27&TIME_TYPE=%27TDB%27&OUT_UNITS=%27AU-D%27&REF_SYSTEM=%27ICRF%27&REF_PLANE=%27ECLIPTIC%27&VEC_TABLE=%273%27&VEC_CORR=%27NONE%27&CSV_FORMAT=%27YES%27&VEC_LABELS=%27YES%27,7327b58bbe0ef054d82acf63380df9ff31290d71b998970713f154b7aa9eb9d1,2026-10-09T11:23:32+00:00,CAPTURED_CURRENT,,"Geocentric geometric state vectors plus Earth-relative range/time comparison; not launch, delta-v, route, mining or target feasibility. Statistical state uncertainty/covariance is not attached in this lane.",Mark III + Mark V only,Post-mission successor/next model of Mark III; not current input
Golevka,6489,June 2027,2027-06-01,2027-07-01,30,2027-06-01,2027-06-30,2.653142101343401,2027-06-01,2.684952206394756,2027-06-23,2.676270668899421,2.6811362858149987,2.653142101343401,2.681742297086853,0.028600195743452073,-0.0009303597417171702,0.002854607206656064,0.0009853810047676028,2461557.5,2.024495327224793,1.714804801494038,0.005115929910678741,-0.01311212106454366,0.01989807250852818,-0.0004307897463828291,0.02383372795371054,0.002854607206656064,2.024495327224793,1.714804801494038,0.005115929910678741,-0.01311212106454366,0.01989807250852818,-0.0004307897463828291,1.591821027313277,2.158192030900844,-0.007397482278589249,-0.01596445636660077,0.01061740250077175,-0.0004297133752674097,True,False,"Earth (399), geocentric 500@399",VECTORS,3,AU-D,1 day,ICRF,ECLIPTIC,NASA/JPL Horizons API,1.2,https://ssd.jpl.nasa.gov/api/horizons.api?format=json&COMMAND=%276489%3B%27&OBJ_DATA=%27NO%27&MAKE_EPHEM=%27YES%27&EPHEM_TYPE=%27VECTORS%27&CENTER=%27500%40399%27&START_TIME=%272027-06-01%27&STOP_TIME=%272028-09-01%27&STEP_SIZE=%271+d%27&TIME_TYPE=%27TDB%27&OUT_UNITS=%27AU-D%27&REF_SYSTEM=%27ICRF%27&REF_PLANE=%27ECLIPTIC%27&VEC_TABLE=%273%27&VEC_CORR=%27NONE%27&CSV_FORMAT=%27YES%27&VEC_LABELS=%27YES%27,e2e9bb26feff00c2937228a2c3f81154af1deb5c348c3ea4914c8ef762d2d589,2026-10-09T11:23:35+00:00,CAPTURED_CURRENT,,"Geocentric geometric state vectors plus Earth-relative range/time comparison; not launch, delta-v, route, mining or target feasibility. Statistical state uncertainty/covariance is not attached in this lane.",Mark III + Mark V only,Post-mission successor/next model of Mark III; not current input
Golevka,6489,January 2028,2028-01-01,2028-02-01,31,2028-01-01,2028-01-31,2.448841349928288,2028-01-01,2.981602301153522,2028-01-31,2.7068187211993675,2.702188119912212,2.448841349928288,2.981602301153522,0.5327609512252343,0.01565118900000033,0.01913816435654414,0.017746558434501864,2461771.5,1.458174130292345,1.965849667290255,-0.0773773124342881,0.01302958768137335,0.009819337436716431,-0.0003170164436793356,0.016318395823985275,0.01565118900000033,1.458174130292345,1.965849667290255,-0.0773773124342881,0.01302958768137335,0.009819337436716431,-0.0003170164436793356,1.797718596627184,2.377111809425535,-0.08660008703474437,0.008890946710198456,0.01727022416294073,-0.0002970070182297225,True,False,"Earth (399), geocentric 500@399",VECTORS,3,AU-D,1 day,ICRF,ECLIPTIC,NASA/JPL Horizons API,1.2,https://ssd.jpl.nasa.gov/api/horizons.api?format=json&COMMAND=%276489%3B%27&OBJ_DATA=%27NO%27&MAKE_EPHEM=%27YES%27&EPHEM_TYPE=%27VECTORS%27&CENTER=%27500%40399%27&START_TIME=%272027-06-01%27&STOP_TIME=%272028-09-01%27&STEP_SIZE=%271+d%27&TIME_TYPE=%27TDB%27&OUT_UNITS=%27AU-D%27&REF_SYSTEM=%27ICRF%27&REF_PLANE=%27ECLIPTIC%27&VEC_TABLE=%273%27&VEC_CORR=%27NONE%27&CSV_FORMAT=%27YES%27&VEC_LABELS=%27YES%27,e2e9bb26feff00c2937228a2c3f81154af1deb5c348c3ea4914c8ef762d2d589,2026-10-09T11:23:35+00:00,CAPTURED_CURRENT,,"Geocentric geometric state vectors plus Earth-relative range/time comparison; not launch, delta-v, route, mining or target feasibility. Statistical state uncertainty/covariance is not attached in this lane.",Mark III + Mark V only,Post-mission successor/next model of Mark III; not current input
Golevka,6489,August 2028,2028-08-01,2028-09-01,31,2028-08-01,2028-08-31,4.386548844557222,2028-08-31,4.671950254474335,2028-08-01,4.540824719685662,4.547244821294996,4.671950254474335,4.386548844557222,-0.28540140991711294,-0.01177958031305192,-0.007019551112141786,-0.009509585584641066,2462014.5,-0.8610242357304653,4.299110539302561,-0.1345236114171622,-0.01162613537583266,-0.01435240088827357,-0.0001521605374294425,0.01847110142530906,-0.01177958031305192,-0.4026283560581276,4.652762930953567,-0.1296406399440873,-0.01847329709817439,-0.008651894417004466,-0.0001723748023335158,-0.8610242357304653,4.299110539302561,-0.1345236114171622,-0.01162613537583266,-0.01435240088827357,-0.0001521605374294425,True,False,"Earth (399), geocentric 500@399",VECTORS,3,AU-D,1 day,ICRF,ECLIPTIC,NASA/JPL Horizons API,1.2,https://ssd.jpl.nasa.gov/api/horizons.api?format=json&COMMAND=%276489%3B%27&OBJ_DATA=%27NO%27&MAKE_EPHEM=%27YES%27&EPHEM_TYPE=%27VECTORS%27&CENTER=%27500%40399%27&START_TIME=%272027-06-01%27&STOP_TIME=%272028-09-01%27&STEP_SIZE=%271+d%27&TIME_TYPE=%27TDB%27&OUT_UNITS=%27AU-D%27&REF_SYSTEM=%27ICRF%27&REF_PLANE=%27ECLIPTIC%27&VEC_TABLE=%273%27&VEC_CORR=%27NONE%27&CSV_FORMAT=%27YES%27&VEC_LABELS=%27YES%27,e2e9bb26feff00c2937228a2c3f81154af1deb5c348c3ea4914c8ef762d2d589,2026-10-09T11:23:35+00:00,CAPTURED_CURRENT,,"Geocentric geometric state vectors plus Earth-relative range/time comparison; not launch, delta-v, route, mining or target feasibility. Statistical state uncertainty/covariance is not attached in this lane.",Mark III + Mark V only,Post-mission successor/next model of Mark III; not current input
Lugh,217628,June 2027,2027-06-01,2027-07-01,30,2027-06-01,2027-06-30,1.05842853440575,2027-06-01,1.342310997721295,2027-06-30,1.1823229252638119,1.172307792578684,1.05842853440575,1.342310997721295,0.283882463315545,0.005849048801014411,0.01351282470478632,0.009785340203404581,2461557.5,-0.1003268162611794,-1.042040456009849,0.1560678712034791,-0.008743889318066944,-0.004975408067578456,0.000826416613070267,0.010094218655442754,0.005849048801014411,-0.1003268162611794,-1.042040456009849,0.1560678712034791,-0.008743889318066944,-0.004975408067578456,0.000826416613070267,-0.3714761267962814,-1.27755267134538,0.1779423326874591,-0.0093464959671688,-0.01138433934064165,0.0006874134587723359,True,False,"Earth (399), geocentric 500@399",VECTORS,3,AU-D,1 day,ICRF,ECLIPTIC,NASA/JPL Horizons API,1.2,https://ssd.jpl.nasa.gov/api/horizons.api?format=json&COMMAND=%27217628%3B%27&OBJ_DATA=%27NO%27&MAKE_EPHEM=%27YES%27&EPHEM_TYPE=%27VECTORS%27&CENTER=%27500%40399%27&START_TIME=%272027-06-01%27&STOP_TIME=%272028-09-01%27&STEP_SIZE=%271+d%27&TIME_TYPE=%27TDB%27&OUT_UNITS=%27AU-D%27&REF_SYSTEM=%27ICRF%27&REF_PLANE=%27ECLIPTIC%27&VEC_TABLE=%273%27&VEC_CORR=%27NONE%27&CSV_FORMAT=%27YES%27&VEC_LABELS=%27YES%27,1563c5187d1eb9f06ce46c936f7cbad7e5a4acd29dd4fa159ea9594ca2d71738,2026-10-09T11:23:37+00:00,CAPTURED_CURRENT,,"Geocentric geometric state vectors plus Earth-relative range/time comparison; not launch, delta-v, route, mining or target feasibility. Statistical state uncertainty/covariance is not attached in this lane.",Mark III + Mark V only,Post-mission successor/next model of Mark III; not current input
Lugh,217628,January 2028,2028-01-01,2028-02-01,31,2028-01-01,2028-01-31,4.459898176240423,2028-01-01,4.562755555380142,2028-01-31,4.5267580238359555,4.53527378418762,4.459898176240423,4.562755555380142,0.10285737913971893,0.0002269912916386226,0.006606241829462286,0.003428186897363235,2461771.5,1.270885697164574,-4.267536402703785,0.2523377474204107,0.02396108344141573,0.0002428892481079163,0.0001898501566868242,0.023963066539058137,0.006606241829462286,1.270885697164574,-4.267536402703785,0.2523377474204107,0.02396108344141573,0.0002428892481079163,0.0001898501566868242,1.939681647945908,-4.121916999703625,0.2572423183079583,0.01989578513183087,0.009119902255199026,0.0001387665405705097,True,False,"Earth (399), geocentric 500@399",VECTORS,3,AU-D,1 day,ICRF,ECLIPTIC,NASA/JPL Horizons API,1.2,https://ssd.jpl.nasa.gov/api/horizons.api?format=json&COMMAND=%27217628%3B%27&OBJ_DATA=%27NO%27&MAKE_EPHEM=%27YES%27&EPHEM_TYPE=%27VECTORS%27&CENTER=%27500%40399%27&START_TIME=%272027-06-01%27&STOP_TIME=%272028-09-01%27&STEP_SIZE=%271+d%27&TIME_TYPE=%27TDB%27&OUT_UNITS=%27AU-D%27&REF_SYSTEM=%27ICRF%27&REF_PLANE=%27ECLIPTIC%27&VEC_TABLE=%273%27&VEC_CORR=%27NONE%27&CSV_FORMAT=%27YES%27&VEC_LABELS=%27YES%27,1563c5187d1eb9f06ce46c936f7cbad7e5a4acd29dd4fa159ea9594ca2d71738,2026-10-09T11:23:37+00:00,CAPTURED_CURRENT,,"Geocentric geometric state vectors plus Earth-relative range/time comparison; not launch, delta-v, route, mining or target feasibility. Statistical state uncertainty/covariance is not attached in this lane.",Mark III + Mark V only,Post-mission successor/next model of Mark III; not current input
Lugh,217628,August 2028,2028-08-01,2028-09-01,31,2028-08-01,2028-08-31,3.167030262725111,2028-08-01,3.409327220377602,2028-08-31,3.267863441038682,3.256584817955553,3.167030262725111,3.409327220377602,0.24229695765249115,0.003676876168393013,0.01201408918580488,0.008068863633850384,2461984.5,1.707363037073278,-2.654730245304256,0.2596140776602963,-0.00825015822491353,-0.00970168739738197,-9.463918028484128e-05,0.012735650971468773,0.003676876168393013,1.707363037073278,-2.654730245304256,0.2596140776602963,-0.00825015822491353,-0.00970168739738197,-9.463918028484128e-05,1.551749454296068,-3.024879634859111,0.2562985004133428,-0.001669045770924877,-0.01440783890356994,-0.0001251522277781333,True,False,"Earth (399), geocentric 500@399",VECTORS,3,AU-D,1 day,ICRF,ECLIPTIC,NASA/JPL Horizons API,1.2,https://ssd.jpl.nasa.gov/api/horizons.api?format=json&COMMAND=%27217628%3B%27&OBJ_DATA=%27NO%27&MAKE_EPHEM=%27YES%27&EPHEM_TYPE=%27VECTORS%27&CENTER=%27500%40399%27&START_TIME=%272027-06-01%27&STOP_TIME=%272028-09-01%27&STEP_SIZE=%271+d%27&TIME_TYPE=%27TDB%27&OUT_UNITS=%27AU-D%27&REF_SYSTEM=%27ICRF%27&REF_PLANE=%27ECLIPTIC%27&VEC_TABLE=%273%27&VEC_CORR=%27NONE%27&CSV_FORMAT=%27YES%27&VEC_LABELS=%27YES%27,1563c5187d1eb9f06ce46c936f7cbad7e5a4acd29dd4fa159ea9594ca2d71738,2026-10-09T11:23:37+00:00,CAPTURED_CURRENT,,"Geocentric geometric state vectors plus Earth-relative range/time comparison; not launch, delta-v, route, mining or target feasibility. Statistical state uncertainty/covariance is not attached in this lane.",Mark III + Mark V only,Post-mission successor/next model of Mark III; not current input
Mithra,4486,June 2027,2027-06-01,2027-07-01,30,2027-06-01,2027-06-30,3.716270111071665,2027-06-30,3.792211469115154,2027-06-01,3.7658369328601986,3.772227263627156,3.792211469115154,3.716270111071665,-0.0759413580434889,-0.005063240437707194,-8.994714128055663e-05,-0.0026172194141114973,2461586.5,2.019628550122561,3.118044060638101,-0.09780232049348613,-0.01790847833979394,0.005568691265685057,0.0001157404646513859,0.018754661146353553,-0.005063240437707194,2.525248828759996,2.827339552531997,-0.1006838319838431,-0.01628704987405166,0.01442912233477829,8.217056951572156e-05,2.019628550122561,3.118044060638101,-0.09780232049348613,-0.01790847833979394,0.005568691265685057,0.0001157404646513859,True,False,"Earth (399), geocentric 500@399",VECTORS,3,AU-D,1 day,ICRF,ECLIPTIC,NASA/JPL Horizons API,1.2,https://ssd.jpl.nasa.gov/api/horizons.api?format=json&COMMAND=%274486%3B%27&OBJ_DATA=%27NO%27&MAKE_EPHEM=%27YES%27&EPHEM_TYPE=%27VECTORS%27&CENTER=%27500%40399%27&START_TIME=%272027-06-01%27&STOP_TIME=%272028-09-01%27&STEP_SIZE=%271+d%27&TIME_TYPE=%27TDB%27&OUT_UNITS=%27AU-D%27&REF_SYSTEM=%27ICRF%27&REF_PLANE=%27ECLIPTIC%27&VEC_TABLE=%273%27&VEC_CORR=%27NONE%27&CSV_FORMAT=%27YES%27&VEC_LABELS=%27YES%27,5c548cd84bf6c13ce2ada7965d1ca9952d89eac7eec3c260c17c1e526ac0dfdb,2026-10-09T11:23:40+00:00,CAPTURED_CURRENT,,"Geocentric geometric state vectors plus Earth-relative range/time comparison; not launch, delta-v, route, mining or target feasibility. Statistical state uncertainty/covariance is not attached in this lane.",Mark III + Mark V only,Post-mission successor/next model of Mark III; not current input
Mithra,4486,January 2028,2028-01-01,2028-02-01,31,2028-01-01,2028-01-31,2.855319267742566,2028-01-01,3.324173784567185,2028-01-31,3.081956495580123,3.077663819493377,2.855319267742566,3.324173784567185,0.468854516824619,0.01361302888542442,0.01684634861414633,0.015615185570421358,2461771.5,1.80663329666313,2.210192677574914,-0.06302840728027118,0.01319845763466339,0.006804793187484178,0.0002401049706686596,0.014851334776893798,0.01361302888542442,1.80663329666313,2.210192677574914,-0.06302840728027118,0.01319845763466339,0.006804793187484178,0.0002401049706686596,2.151491486698903,2.533400092615697,-0.05567498002377326,0.009070240082270262,0.01440735827219308,0.0002506812146170999,True,False,"Earth (399), geocentric 500@399",VECTORS,3,AU-D,1 day,ICRF,ECLIPTIC,NASA/JPL Horizons API,1.2,https://ssd.jpl.nasa.gov/api/horizons.api?format=json&COMMAND=%274486%3B%27&OBJ_DATA=%27NO%27&MAKE_EPHEM=%27YES%27&EPHEM_TYPE=%27VECTORS%27&CENTER=%27500%40399%27&START_TIME=%272027-06-01%27&STOP_TIME=%272028-09-01%27&STEP_SIZE=%271+d%27&TIME_TYPE=%27TDB%27&OUT_UNITS=%27AU-D%27&REF_SYSTEM=%27ICRF%27&REF_PLANE=%27ECLIPTIC%27&VEC_TABLE=%273%27&VEC_CORR=%27NONE%27&CSV_FORMAT=%27YES%27&VEC_LABELS=%27YES%27,5c548cd84bf6c13ce2ada7965d1ca9952d89eac7eec3c260c17c1e526ac0dfdb,2026-10-09T11:23:40+00:00,CAPTURED_CURRENT,,"Geocentric geometric state vectors plus Earth-relative range/time comparison; not launch, delta-v, route, mining or target feasibility. Statistical state uncertainty/covariance is not attached in this lane.",Mark III + Mark V only,Post-mission successor/next model of Mark III; not current input
Mithra,4486,August 2028,2028-08-01,2028-09-01,31,2028-08-01,2028-08-31,3.91012279421687,2028-08-31,4.315340987556739,2028-08-01,4.123212224640576,4.129025961345454,4.315340987556739,3.91012279421687,-0.40521819333986864,-0.01553831656152264,-0.01122866939424916,-0.01350314693371834,2462014.5,-0.5074842218023133,3.877049374456179,0.002859808559489431,-0.011884778600228,-0.01722673114622192,0.0002880696979099048,0.020930628574209225,-0.01553831656152264,-0.04249299849077003,4.315127922502795,-0.005761631986702458,-0.01865373705235636,-0.01141253178555736,0.0002874044775611475,-0.5074842218023133,3.877049374456179,0.002859808559489431,-0.011884778600228,-0.01722673114622192,0.0002880696979099048,True,False,"Earth (399), geocentric 500@399",VECTORS,3,AU-D,1 day,ICRF,ECLIPTIC,NASA/JPL Horizons API,1.2,https://ssd.jpl.nasa.gov/api/horizons.api?format=json&COMMAND=%274486%3B%27&OBJ_DATA=%27NO%27&MAKE_EPHEM=%27YES%27&EPHEM_TYPE=%27VECTORS%27&CENTER=%27500%40399%27&START_TIME=%272027-06-01%27&STOP_TIME=%272028-09-01%27&STEP_SIZE=%271+d%27&TIME_TYPE=%27TDB%27&OUT_UNITS=%27AU-D%27&REF_SYSTEM=%27ICRF%27&REF_PLANE=%27ECLIPTIC%27&VEC_TABLE=%273%27&VEC_CORR=%27NONE%27&CSV_FORMAT=%27YES%27&VEC_LABELS=%27YES%27,5c548cd84bf6c13ce2ada7965d1ca9952d89eac7eec3c260c17c1e526ac0dfdb,2026-10-09T11:23:40+00:00,CAPTURED_CURRENT,,"Geocentric geometric state vectors plus Earth-relative range/time comparison; not launch, delta-v, route, mining or target feasibility. Statistical state uncertainty/covariance is not attached in this lane.",Mark III + Mark V only,Post-mission successor/next model of Mark III; not current input
Vinciguerra,154991,June 2027,2027-06-01,2027-07-01,30,2027-06-01,2027-06-30,0.5860913641946607,2027-06-01,0.8653928529887458,2027-06-30,0.7201908474237952,0.717139763010998,0.5860913641946607,0.8653928529887458,0.2793014887940851,0.00839232594297025,0.01078124803434591,0.009629556134717365,2461557.5,-0.5768953911686833,-0.0953463648479946,-0.04004829012783635,-0.007409964671555802,-0.007301247201029806,0.001304727027536682,0.010484183313002274,0.00839232594297025,-0.5768953911686833,-0.0953463648479946,-0.04004829012783635,-0.007409964671555802,-0.007301247201029806,0.001304727027536682,-0.779175285416816,-0.3765495391605955,-0.001053165498525968,-0.006109689373893962,-0.01213899457865253,0.001364249927091695,True,False,"Earth (399), geocentric 500@399",VECTORS,3,AU-D,1 day,ICRF,ECLIPTIC,NASA/JPL Horizons API,1.2,https://ssd.jpl.nasa.gov/api/horizons.api?format=json&COMMAND=%27154991%3B%27&OBJ_DATA=%27NO%27&MAKE_EPHEM=%27YES%27&EPHEM_TYPE=%27VECTORS%27&CENTER=%27500%40399%27&START_TIME=%272027-06-01%27&STOP_TIME=%272028-09-01%27&STEP_SIZE=%271+d%27&TIME_TYPE=%27TDB%27&OUT_UNITS=%27AU-D%27&REF_SYSTEM=%27ICRF%27&REF_PLANE=%27ECLIPTIC%27&VEC_TABLE=%273%27&VEC_CORR=%27NONE%27&CSV_FORMAT=%27YES%27&VEC_LABELS=%27YES%27,37594a05ef1784719840742539c410586ef2c75ef14984eb231c7c59eb75286a,2026-10-09T11:23:42+00:00,CAPTURED_CURRENT,,"Geocentric geometric state vectors plus Earth-relative range/time comparison; not launch, delta-v, route, mining or target feasibility. Statistical state uncertainty/covariance is not attached in this lane.",Mark III + Mark V only,Post-mission successor/next model of Mark III; not current input
Vinciguerra,154991,January 2028,2028-01-01,2028-02-01,31,2028-01-01,2028-01-31,3.046396002239676,2028-01-01,3.184792857241077,2028-01-31,3.1248709784272353,3.129979752654897,3.046396002239676,3.184792857241077,0.13839685500140098,0.002653188457857655,0.006496389928239438,0.004611951464113834,2461771.5,1.555652138536501,-2.612191223082037,0.1921771068099989,0.02593494257741062,0.00791139319223059,0.0005770681219273275,0.027120921746006412,0.006496389928239438,1.555652138536501,-2.612191223082037,0.1921771068099989,0.02593494257741062,0.00791139319223059,0.0005770681219273275,2.268212263037662,-2.226050860688184,0.206920851942832,0.02082142877505366,0.01745767545037312,0.0004064792363163688,True,False,"Earth (399), geocentric 500@399",VECTORS,3,AU-D,1 day,ICRF,ECLIPTIC,NASA/JPL Horizons API,1.2,https://ssd.jpl.nasa.gov/api/horizons.api?format=json&COMMAND=%27154991%3B%27&OBJ_DATA=%27NO%27&MAKE_EPHEM=%27YES%27&EPHEM_TYPE=%27VECTORS%27&CENTER=%27500%40399%27&START_TIME=%272027-06-01%27&STOP_TIME=%272028-09-01%27&STEP_SIZE=%271+d%27&TIME_TYPE=%27TDB%27&OUT_UNITS=%27AU-D%27&REF_SYSTEM=%27ICRF%27&REF_PLANE=%27ECLIPTIC%27&VEC_TABLE=%273%27&VEC_CORR=%27NONE%27&CSV_FORMAT=%27YES%27&VEC_LABELS=%27YES%27,37594a05ef1784719840742539c410586ef2c75ef14984eb231c7c59eb75286a,2026-10-09T11:23:42+00:00,CAPTURED_CURRENT,,"Geocentric geometric state vectors plus Earth-relative range/time comparison; not launch, delta-v, route, mining or target feasibility. Statistical state uncertainty/covariance is not attached in this lane.",Mark III + Mark V only,Post-mission successor/next model of Mark III; not current input
Vinciguerra,154991,August 2028,2028-08-01,2028-09-01,31,2028-08-01,2028-08-31,1.351981843957909,2028-08-31,1.753025893418785,2028-08-01,1.549123675550655,1.547289281546897,1.753025893418785,1.351981843957909,-0.401044049460876,-0.01388188266403784,-0.01245612784523255,-0.013361503958546635,2462014.5,1.084069877816527,0.7909931226588476,0.1642476371491975,-0.01081799161863464,-0.006297571933779316,-0.0008016173246442749,0.012543163287510218,-0.01245612784523255,1.488503363550059,0.9071554227507155,0.1858132359948042,-0.01570467847755365,-0.000927002148964531,-0.000634497296077432,1.084069877816527,0.7909931226588476,0.1642476371491975,-0.01081799161863464,-0.006297571933779316,-0.0008016173246442749,True,False,"Earth (399), geocentric 500@399",VECTORS,3,AU-D,1 day,ICRF,ECLIPTIC,NASA/JPL Horizons API,1.2,https://ssd.jpl.nasa.gov/api/horizons.api?format=json&COMMAND=%27154991%3B%27&OBJ_DATA=%27NO%27&MAKE_EPHEM=%27YES%27&EPHEM_TYPE=%27VECTORS%27&CENTER=%27500%40399%27&START_TIME=%272027-06-01%27&STOP_TIME=%272028-09-01%27&STEP_SIZE=%271+d%27&TIME_TYPE=%27TDB%27&OUT_UNITS=%27AU-D%27&REF_SYSTEM=%27ICRF%27&REF_PLANE=%27ECLIPTIC%27&VEC_TABLE=%273%27&VEC_CORR=%27NONE%27&CSV_FORMAT=%27YES%27&VEC_LABELS=%27YES%27,37594a05ef1784719840742539c410586ef2c75ef14984eb231c7c59eb75286a,2026-10-09T11:23:42+00:00,CAPTURED_CURRENT,,"Geocentric geometric state vectors plus Earth-relative range/time comparison; not launch, delta-v, route, mining or target feasibility. Statistical state uncertainty/covariance is not attached in this lane.",Mark III + Mark V only,Post-mission successor/next model of Mark III; not current input
Pan,4450,June 2027,2027-06-01,2027-07-01,30,2027-06-01,2027-06-30,0.9144997531804665,2027-06-01,1.139621300268237,2027-06-30,1.0435315150128133,1.0526395108759805,0.9144997531804665,1.139621300268237,0.22512154708777043,0.004343221396693974,0.01137182256963491,0.007766061051713042,2461557.5,0.8385338905491023,0.36491784460051,-0.002383203692201479,0.00690810139887627,0.01263790332634502,0.00207479171832793,0.014551399454954185,0.01137182256963491,0.8385338905491023,0.36491784460051,-0.002383203692201479,0.00690810139887627,0.01263790332634502,0.00207479171832793,0.883601785062552,0.7176150192590033,0.05489332922349256,-0.002744862681618524,0.01013876532236224,0.001808287273109219,True,False,"Earth (399), geocentric 500@399",VECTORS,3,AU-D,1 day,ICRF,ECLIPTIC,NASA/JPL Horizons API,1.2,https://ssd.jpl.nasa.gov/api/horizons.api?format=json&COMMAND=%274450%3B%27&OBJ_DATA=%27NO%27&MAKE_EPHEM=%27YES%27&EPHEM_TYPE=%27VECTORS%27&CENTER=%27500%40399%27&START_TIME=%272027-06-01%27&STOP_TIME=%272028-09-01%27&STEP_SIZE=%271+d%27&TIME_TYPE=%27TDB%27&OUT_UNITS=%27AU-D%27&REF_SYSTEM=%27ICRF%27&REF_PLANE=%27ECLIPTIC%27&VEC_TABLE=%273%27&VEC_CORR=%27NONE%27&CSV_FORMAT=%27YES%27&VEC_LABELS=%27YES%27,bfc4663a61e0822a541ec535bc04a6ede93ea3d4e6acf102ffa64d67a9bba4eb,2026-10-09T11:23:45+00:00,CAPTURED_CURRENT,,"Geocentric geometric state vectors plus Earth-relative range/time comparison; not launch, delta-v, route, mining or target feasibility. Statistical state uncertainty/covariance is not attached in this lane.",Mark III + Mark V only,Post-mission successor/next model of Mark III; not current input
Pan,4450,January 2028,2028-01-01,2028-02-01,31,2028-01-01,2028-01-31,1.737969683600862,2028-01-01,2.209368908085028,2028-01-31,1.9749022075914773,1.975584010500915,1.737969683600862,2.209368908085028,0.47139922448416605,0.0152499722377228,0.01587076298793817,0.01570621885778157,2461771.5,1.574062418208952,0.7063681616153267,0.2095474766110279,0.013001968586204,0.009744116893145678,0.0001296576727832028,0.016248563390528842,0.01575172095757647,1.574062418208952,0.7063681616153267,0.2095474766110279,0.013001968586204,0.009744116893145678,0.0001296576727832028,1.901038904597726,1.105848835183098,0.2108563704109815,0.008102194465999142,0.01654707142593222,-3.951525552010826e-05,True,False,"Earth (399), geocentric 500@399",VECTORS,3,AU-D,1 day,ICRF,ECLIPTIC,NASA/JPL Horizons API,1.2,https://ssd.jpl.nasa.gov/api/horizons.api?format=json&COMMAND=%274450%3B%27&OBJ_DATA=%27NO%27&MAKE_EPHEM=%27YES%27&EPHEM_TYPE=%27VECTORS%27&CENTER=%27500%40399%27&START_TIME=%272027-06-01%27&STOP_TIME=%272028-09-01%27&STEP_SIZE=%271+d%27&TIME_TYPE=%27TDB%27&OUT_UNITS=%27AU-D%27&REF_SYSTEM=%27ICRF%27&REF_PLANE=%27ECLIPTIC%27&VEC_TABLE=%273%27&VEC_CORR=%27NONE%27&CSV_FORMAT=%27YES%27&VEC_LABELS=%27YES%27,bfc4663a61e0822a541ec535bc04a6ede93ea3d4e6acf102ffa64d67a9bba4eb,2026-10-09T11:23:45+00:00,CAPTURED_CURRENT,,"Geocentric geometric state vectors plus Earth-relative range/time comparison; not launch, delta-v, route, mining or target feasibility. Statistical state uncertainty/covariance is not attached in this lane.",Mark III + Mark V only,Post-mission successor/next model of Mark III; not current input
Pan,4450,August 2028,2028-08-01,2028-09-01,31,2028-08-01,2028-08-31,2.481160153913418,2028-08-31,2.831884427933875,2028-08-01,2.6639260410385033,2.66803503872154,2.831884427933875,2.481160153913418,-0.350724274020457,-0.01311375962394704,-0.01007103052265856,-0.011687526158101556,2462014.5,-1.257729210050158,2.136887784517317,0.08935065716003945,-0.01429993945543544,-0.02359805553306801,-0.001078814617321847,0.02761377073761257,-0.01311375962394704,-0.7136108779130732,2.737885921420034,0.1196227795550226,-0.0214501086603974,-0.01596664191755925,-0.0009377918220707443,-1.257729210050158,2.136887784517317,0.08935065716003945,-0.01429993945543544,-0.02359805553306801,-0.001078814617321847,True,False,"Earth (399), geocentric 500@399",VECTORS,3,AU-D,1 day,ICRF,ECLIPTIC,NASA/JPL Horizons API,1.2,https://ssd.jpl.nasa.gov/api/horizons.api?format=json&COMMAND=%274450%3B%27&OBJ_DATA=%27NO%27&MAKE_EPHEM=%27YES%27&EPHEM_TYPE=%27VECTORS%27&CENTER=%27500%40399%27&START_TIME=%272027-06-01%27&STOP_TIME=%272028-09-01%27&STEP_SIZE=%271+d%27&TIME_TYPE=%27TDB%27&OUT_UNITS=%27AU-D%27&REF_SYSTEM=%27ICRF%27&REF_PLANE=%27ECLIPTIC%27&VEC_TABLE=%273%27&VEC_CORR=%27NONE%27&CSV_FORMAT=%27YES%27&VEC_LABELS=%27YES%27,bfc4663a61e0822a541ec535bc04a6ede93ea3d4e6acf102ffa64d67a9bba4eb,2026-10-09T11:23:45+00:00,CAPTURED_CURRENT,,"Geocentric geometric state vectors plus Earth-relative range/time comparison; not launch, delta-v, route, mining or target feasibility. Statistical state uncertainty/covariance is not attached in this lane.",Mark III + Mark V only,Post-mission successor/next model of Mark III; not current input
Ptah,5011,June 2027,2027-06-01,2027-07-01,30,2027-06-01,2027-06-30,1.719222419055322,2027-06-30,2.181963697135348,2027-06-01,1.9519111907907964,1.9526252429370636,2.181963697135348,1.719222419055322,-0.4627412780800262,-0.01614963933795429,-0.01557272962493546,-0.015953302089980408,2461586.5,1.666195797885412,0.4063277357853854,-0.1200627353634261,-0.0187341253337287,0.008925223249370617,0.001471454528438266,0.020803659305521777,-0.01614963933795429,2.175690859104811,0.03968405767210496,-0.1604993357961486,-0.01581751504827324,0.01628010991328977,0.001315697802063599,1.666195797885412,0.4063277357853854,-0.1200627353634261,-0.0187341253337287,0.008925223249370617,0.001471454528438266,True,False,"Earth (399), geocentric 500@399",VECTORS,3,AU-D,1 day,ICRF,ECLIPTIC,NASA/JPL Horizons API,1.2,https://ssd.jpl.nasa.gov/api/horizons.api?format=json&COMMAND=%275011%3B%27&OBJ_DATA=%27NO%27&MAKE_EPHEM=%27YES%27&EPHEM_TYPE=%27VECTORS%27&CENTER=%27500%40399%27&START_TIME=%272027-06-01%27&STOP_TIME=%272028-09-01%27&STEP_SIZE=%271+d%27&TIME_TYPE=%27TDB%27&OUT_UNITS=%27AU-D%27&REF_SYSTEM=%27ICRF%27&REF_PLANE=%27ECLIPTIC%27&VEC_TABLE=%273%27&VEC_CORR=%27NONE%27&CSV_FORMAT=%27YES%27&VEC_LABELS=%27YES%27,b8e0ecc325dd6f9f33817a9756b2e20c009a81c30711f99cb2e4a8b497a09f35,2026-10-09T11:23:47+00:00,CAPTURED_CURRENT,,"Geocentric geometric state vectors plus Earth-relative range/time comparison; not launch, delta-v, route, mining or target feasibility. Statistical state uncertainty/covariance is not attached in this lane.",Mark III + Mark V only,Post-mission successor/next model of Mark III; not current input
Ptah,5011,January 2028,2028-01-01,2028-02-01,31,2028-01-01,2028-01-31,0.5704168190307742,2028-01-01,0.761226506864267,2028-01-31,0.6744819866380405,0.6793299149729292,0.5704168190307742,0.761226506864267,0.19080968783349272,0.00440900817274181,0.00792178657435823,0.006353831338783413,2461771.5,-0.4148542664680089,-0.3812179806293973,0.0891298842775064,-0.000814783320553555,-0.01129166430530115,-0.001389898611544737,0.01140602353116275,0.00792178657435823,-0.4148542664680089,-0.3812179806293973,0.0891298842775064,-0.000814783320553555,-0.01129166430530115,-0.001389898611544737,-0.3369626514122068,-0.6818190399445379,0.03232279497720179,0.005294654682191946,-0.007644076225574488,-0.002212740059725767,True,False,"Earth (399), geocentric 500@399",VECTORS,3,AU-D,1 day,ICRF,ECLIPTIC,NASA/JPL Horizons API,1.2,https://ssd.jpl.nasa.gov/api/horizons.api?format=json&COMMAND=%275011%3B%27&OBJ_DATA=%27NO%27&MAKE_EPHEM=%27YES%27&EPHEM_TYPE=%27VECTORS%27&CENTER=%27500%40399%27&START_TIME=%272027-06-01%27&STOP_TIME=%272028-09-01%27&STEP_SIZE=%271+d%27&TIME_TYPE=%27TDB%27&OUT_UNITS=%27AU-D%27&REF_SYSTEM=%27ICRF%27&REF_PLANE=%27ECLIPTIC%27&VEC_TABLE=%273%27&VEC_CORR=%27NONE%27&CSV_FORMAT=%27YES%27&VEC_LABELS=%27YES%27,b8e0ecc325dd6f9f33817a9756b2e20c009a81c30711f99cb2e4a8b497a09f35,2026-10-09T11:23:47+00:00,CAPTURED_CURRENT,,"Geocentric geometric state vectors plus Earth-relative range/time comparison; not launch, delta-v, route, mining or target feasibility. Statistical state uncertainty/covariance is not attached in this lane.",Mark III + Mark V only,Post-mission successor/next model of Mark III; not current input
Ptah,5011,August 2028,2028-08-01,2028-09-01,31,2028-08-01,2028-08-31,1.580700990654818,2028-08-01,2.056895462526218,2028-08-31,1.817657437735285,1.817018187745925,1.580700990654818,2.056895462526218,0.4761944718714002,0.0154731376182529,0.01601398191249858,0.015867626915102514,2461984.5,-0.8186094652041894,-1.325763441113436,-0.2661681114301573,-0.004581184125299083,-0.01545798726326185,-0.0008061404760889618,0.016142691246760772,0.0154731376182529,-0.8186094652041894,-1.325763441113436,-0.2661681114301573,-0.004581184125299083,-0.01545798726326185,-0.0008061404760889618,-0.8585692431691108,-1.84699821187301,-0.2868368940406196,0.00233620332990219,-0.01875009854261795,-0.0005736569293300244,True,False,"Earth (399), geocentric 500@399",VECTORS,3,AU-D,1 day,ICRF,ECLIPTIC,NASA/JPL Horizons API,1.2,https://ssd.jpl.nasa.gov/api/horizons.api?format=json&COMMAND=%275011%3B%27&OBJ_DATA=%27NO%27&MAKE_EPHEM=%27YES%27&EPHEM_TYPE=%27VECTORS%27&CENTER=%27500%40399%27&START_TIME=%272027-06-01%27&STOP_TIME=%272028-09-01%27&STEP_SIZE=%271+d%27&TIME_TYPE=%27TDB%27&OUT_UNITS=%27AU-D%27&REF_SYSTEM=%27ICRF%27&REF_PLANE=%27ECLIPTIC%27&VEC_TABLE=%273%27&VEC_CORR=%27NONE%27&CSV_FORMAT=%27YES%27&VEC_LABELS=%27YES%27,b8e0ecc325dd6f9f33817a9756b2e20c009a81c30711f99cb2e4a8b497a09f35,2026-10-09T11:23:47+00:00,CAPTURED_CURRENT,,"Geocentric geometric state vectors plus Earth-relative range/time comparison; not launch, delta-v, route, mining or target feasibility. Statistical state uncertainty/covariance is not attached in this lane.",Mark III + Mark V only,Post-mission successor/next model of Mark III; not current input
Toro,1685,June 2027,2027-06-01,2027-07-01,30,2027-06-01,2027-06-30,1.739953527087288,2027-06-01,2.065601083112512,2027-06-30,1.9019270335748397,1.9014672435441735,1.739953527087288,2.065601083112512,0.3256475560252241,0.01090591976458537,0.01133552304211397,0.011224555006853374,2461557.5,-0.9124191859791793,1.467765087814443,-0.2014823875023439,-0.02655284853539951,-0.003835576777956001,-0.001877041489469441,0.026894027205248618,0.01090591976458537,-0.9124191859791793,1.467765087814443,-0.2014823875023439,-0.02655284853539951,-0.003835576777956001,-0.001877041489469441,-1.647973886696537,1.220658181915154,-0.2467458332890035,-0.02362697368726305,-0.01306113949676907,-0.001259788929314122,True,False,"Earth (399), geocentric 500@399",VECTORS,3,AU-D,1 day,ICRF,ECLIPTIC,NASA/JPL Horizons API,1.2,https://ssd.jpl.nasa.gov/api/horizons.api?format=json&COMMAND=%271685%3B%27&OBJ_DATA=%27NO%27&MAKE_EPHEM=%27YES%27&EPHEM_TYPE=%27VECTORS%27&CENTER=%27500%40399%27&START_TIME=%272027-06-01%27&STOP_TIME=%272028-09-01%27&STEP_SIZE=%271+d%27&TIME_TYPE=%27TDB%27&OUT_UNITS=%27AU-D%27&REF_SYSTEM=%27ICRF%27&REF_PLANE=%27ECLIPTIC%27&VEC_TABLE=%273%27&VEC_CORR=%27NONE%27&CSV_FORMAT=%27YES%27&VEC_LABELS=%27YES%27,bc99368e3a6b8e9c0d100a585197b6df46996c5816d70d185357edab6734d391,2026-10-09T11:23:49+00:00,CAPTURED_CURRENT,,"Geocentric geometric state vectors plus Earth-relative range/time comparison; not launch, delta-v, route, mining or target feasibility. Statistical state uncertainty/covariance is not attached in this lane.",Mark III + Mark V only,Post-mission successor/next model of Mark III; not current input
Toro,1685,January 2028,2028-01-01,2028-02-01,31,2028-01-01,2028-01-31,2.396285016644143,2028-01-31,2.686411174830541,2028-01-01,2.549114052397292,2.553405434247213,2.686411174830541,2.396285016644143,-0.29012615818639764,-0.01120749522703667,-0.008000048616603523,-0.00966862781227735,2461801.5,-0.3707276953768758,-2.360170353353874,-0.1853072044557817,0.02237428996265093,0.007751892155999935,0.001434363466354582,0.023722522671179982,-0.01120749522703667,-1.089848633268262,-2.445114234749623,-0.2246137481154644,0.02480441618669602,-0.002374968766425416,0.001181721345389786,-0.3707276953768758,-2.360170353353874,-0.1853072044557817,0.02237428996265093,0.007751892155999935,0.001434363466354582,True,False,"Earth (399), geocentric 500@399",VECTORS,3,AU-D,1 day,ICRF,ECLIPTIC,NASA/JPL Horizons API,1.2,https://ssd.jpl.nasa.gov/api/horizons.api?format=json&COMMAND=%271685%3B%27&OBJ_DATA=%27NO%27&MAKE_EPHEM=%27YES%27&EPHEM_TYPE=%27VECTORS%27&CENTER=%27500%40399%27&START_TIME=%272027-06-01%27&STOP_TIME=%272028-09-01%27&STEP_SIZE=%271+d%27&TIME_TYPE=%27TDB%27&OUT_UNITS=%27AU-D%27&REF_SYSTEM=%27ICRF%27&REF_PLANE=%27ECLIPTIC%27&VEC_TABLE=%273%27&VEC_CORR=%27NONE%27&CSV_FORMAT=%27YES%27&VEC_LABELS=%27YES%27,bc99368e3a6b8e9c0d100a585197b6df46996c5816d70d185357edab6734d391,2026-10-09T11:23:49+00:00,CAPTURED_CURRENT,,"Geocentric geometric state vectors plus Earth-relative range/time comparison; not launch, delta-v, route, mining or target feasibility. Statistical state uncertainty/covariance is not attached in this lane.",Mark III + Mark V only,Post-mission successor/next model of Mark III; not current input
Toro,1685,August 2028,2028-08-01,2028-09-01,31,2028-08-01,2028-08-31,0.3484329565862836,2028-08-01,0.5197647315878141,2028-08-31,0.4179465051419287,0.4090972836559683,0.3484329565862836,0.5197647315878141,0.17133177500153052,0.001771910667162918,0.008506394237959165,0.005692018195823158,2461984.5,0.1872220219142746,0.2638233767999441,0.1294243624657452,-0.009191807928675976,0.008432559868462185,0.0008776903844931452,0.012504708686886763,0.001771910667162918,0.1872220219142746,0.2638233767999441,0.1294243624657452,-0.009191807928675976,0.008432559868462185,0.0008776903844931452,-0.137055535652968,0.4835373390299567,0.1325247075577196,-0.0129284438941013,0.005709668058192357,-0.0008408151721184838,True,False,"Earth (399), geocentric 500@399",VECTORS,3,AU-D,1 day,ICRF,ECLIPTIC,NASA/JPL Horizons API,1.2,https://ssd.jpl.nasa.gov/api/horizons.api?format=json&COMMAND=%271685%3B%27&OBJ_DATA=%27NO%27&MAKE_EPHEM=%27YES%27&EPHEM_TYPE=%27VECTORS%27&CENTER=%27500%40399%27&START_TIME=%272027-06-01%27&STOP_TIME=%272028-09-01%27&STEP_SIZE=%271+d%27&TIME_TYPE=%27TDB%27&OUT_UNITS=%27AU-D%27&REF_SYSTEM=%27ICRF%27&REF_PLANE=%27ECLIPTIC%27&VEC_TABLE=%273%27&VEC_CORR=%27NONE%27&CSV_FORMAT=%27YES%27&VEC_LABELS=%27YES%27,bc99368e3a6b8e9c0d100a585197b6df46996c5816d70d185357edab6734d391,2026-10-09T11:23:49+00:00,CAPTURED_CURRENT,,"Geocentric geometric state vectors plus Earth-relative range/time comparison; not launch, delta-v, route, mining or target feasibility. Statistical state uncertainty/covariance is not attached in this lane.",Mark III + Mark V only,Post-mission successor/next model of Mark III; not current input
