requested_name,designation,window,state_jd_tdb,calendar,x_sigma_au_1s,y_sigma_au_1s,z_sigma_au_1s,vx_sigma_au_per_day_1s,vy_sigma_au_per_day_1s,vz_sigma_au_per_day_1s,position_component_sigma_rss_au,velocity_component_sigma_rss_au_per_day,nominal_position_delta_rss_au,nominal_velocity_delta_rss_au_per_day,nominal_payload_sha256,uncertainty_payload_sha256,source_vector_table,uncertainty_definition,claim_boundary
Apophis,99942,June 2027,2461557.5,A.D. 2027-Jun-01 00:00:00.0000,1.87776441e-09,7.30144528e-09,2.38931602e-09,1.06667741e-10,2.55018433e-11,3.89213813e-11,7.908598700131748e-09,1.1637536210057877e-10,7.52663916375166e-12,1.1418400366202612e-13,0d3deaa3fd6955cb9d64fb3442c2bcab62f4df68bb1d635d8253922a39351558,4f81022c8ab75e60c1772018f85b30a4a86c69828e61c4d7b11b974dffc975ad,2x,formal 1-sigma XYZ/VXYZ component uncertainty,"Component formal uncertainty cross-check only; not a covariance matrix, confidence ellipsoid, impact probability or safety claim."
Apophis,99942,January 2028,2461771.5,A.D. 2028-Jan-01 00:00:00.0000,9.0134217e-09,2.06341428e-09,2.64271576e-09,4.74820487e-11,1.43879334e-10,3.03576319e-11,9.616828781936964e-09,1.5452311644413797e-10,8.858652296613503e-12,1.7301522227247295e-13,0d3deaa3fd6955cb9d64fb3442c2bcab62f4df68bb1d635d8253922a39351558,4f81022c8ab75e60c1772018f85b30a4a86c69828e61c4d7b11b974dffc975ad,2x,formal 1-sigma XYZ/VXYZ component uncertainty,"Component formal uncertainty cross-check only; not a covariance matrix, confidence ellipsoid, impact probability or safety claim."
Apophis,99942,August 2028,2462014.5,A.D. 2028-Aug-31 00:00:00.0000,3.45216731e-09,7.16586452e-09,1.0869726e-09,1.75265703e-10,1.12296598e-10,6.92227124e-11,8.027987474353596e-09,2.1936357145722923e-10,1.297244353032668e-11,3.305692664341942e-13,0d3deaa3fd6955cb9d64fb3442c2bcab62f4df68bb1d635d8253922a39351558,4f81022c8ab75e60c1772018f85b30a4a86c69828e61c4d7b11b974dffc975ad,2x,formal 1-sigma XYZ/VXYZ component uncertainty,"Component formal uncertainty cross-check only; not a covariance matrix, confidence ellipsoid, impact probability or safety claim."
Castalia,4769,June 2027,2461557.5,A.D. 2027-Jun-01 00:00:00.0000,7.88777082e-08,1.12319042e-07,1.04847839e-07,6.35653163e-10,9.94731317e-10,5.56318759e-10,1.7271458939433006e-07,1.3050041755748366e-09,8.087124284606106e-11,1.106934614167185e-12,acf300669355738c564ec3f42a252ae64295eb2ecbe5497bf9d59e6ae5bd3b35,313c9a010780098ed63b4c90a4345b6b892e49f4dbbf5d83dfd9e84b44118f47,2x,formal 1-sigma XYZ/VXYZ component uncertainty,"Component formal uncertainty cross-check only; not a covariance matrix, confidence ellipsoid, impact probability or safety claim."
Castalia,4769,January 2028,2461801.5,A.D. 2028-Jan-31 00:00:00.0000,5.51687891e-08,1.27904881e-07,3.83783198e-08,2.8252932e-09,2.19345883e-10,1.04838045e-09,1.4448581004740747e-07,3.0215055601963556e-09,1.7216012426788e-10,3.5721945735909004e-12,acf300669355738c564ec3f42a252ae64295eb2ecbe5497bf9d59e6ae5bd3b35,313c9a010780098ed63b4c90a4345b6b892e49f4dbbf5d83dfd9e84b44118f47,2x,formal 1-sigma XYZ/VXYZ component uncertainty,"Component formal uncertainty cross-check only; not a covariance matrix, confidence ellipsoid, impact probability or safety claim."
Castalia,4769,August 2028,2461984.5,A.D. 2028-Aug-01 00:00:00.0000,8.94225479e-08,8.85712086e-08,1.12679092e-07,3.58165087e-10,1.01229843e-09,3.43343508e-10,1.689314323615856e-07,1.127348706218235e-09,8.226290035427745e-11,1.033098799576833e-12,acf300669355738c564ec3f42a252ae64295eb2ecbe5497bf9d59e6ae5bd3b35,313c9a010780098ed63b4c90a4345b6b892e49f4dbbf5d83dfd9e84b44118f47,2x,formal 1-sigma XYZ/VXYZ component uncertainty,"Component formal uncertainty cross-check only; not a covariance matrix, confidence ellipsoid, impact probability or safety claim."
Toutatis,4179,June 2027,2461557.5,A.D. 2027-Jun-01 00:00:00.0000,3.66619275e-08,2.80655458e-08,1.53104956e-08,1.7772953e-11,4.01083491e-11,5.30647469e-12,4.864342776351984e-08,4.418954853246738e-11,1.8561093440766562e-11,5.3230312292180244e-14,cf39c98d39093ec1767aa3be2ea0c698db39d26c9bbdb5a675730236d93adb9d,7723ae93bf30ba25279ceac622d734251d5fccb2c0b703cbdf629ef59f29943a,2x,formal 1-sigma XYZ/VXYZ component uncertainty,"Component formal uncertainty cross-check only; not a covariance matrix, confidence ellipsoid, impact probability or safety claim."
Toutatis,4179,January 2028,2461801.5,A.D. 2028-Jan-31 00:00:00.0000,3.47084004e-08,1.5675511e-08,1.40350556e-08,3.99998585e-11,5.82294838e-11,1.6845376e-11,4.058789830889169e-08,7.262525839001098e-11,3.164854289245284e-11,9.990077964554105e-14,cf39c98d39093ec1767aa3be2ea0c698db39d26c9bbdb5a675730236d93adb9d,7723ae93bf30ba25279ceac622d734251d5fccb2c0b703cbdf629ef59f29943a,2x,formal 1-sigma XYZ/VXYZ component uncertainty,"Component formal uncertainty cross-check only; not a covariance matrix, confidence ellipsoid, impact probability or safety claim."
Toutatis,4179,August 2028,2461984.5,A.D. 2028-Aug-01 00:00:00.0000,2.14617427e-08,8.61420399e-09,8.69057361e-09,1.0884871e-10,2.67148262e-11,4.54538544e-11,2.4704999084662268e-08,1.2094534504219955e-10,5.2498173623458485e-11,2.5258791247158495e-13,cf39c98d39093ec1767aa3be2ea0c698db39d26c9bbdb5a675730236d93adb9d,7723ae93bf30ba25279ceac622d734251d5fccb2c0b703cbdf629ef59f29943a,2x,formal 1-sigma XYZ/VXYZ component uncertainty,"Component formal uncertainty cross-check only; not a covariance matrix, confidence ellipsoid, impact probability or safety claim."
Anteros,1943,June 2027,2461586.5,A.D. 2027-Jun-30 00:00:00.0000,1.25702417e-08,1.32289932e-09,2.11527853e-09,1.73953922e-11,1.15475097e-10,1.2381396e-11,1.2815437654124588e-08,1.1743251961811962e-10,3.6467873073175794e-11,3.029980149623915e-13,78649564e69f26b582ca70a40cfc90f16ec39dcb91025974f504d508b540cf18,0b9f4b00d3bb8f83692c352ff12e6996f89e2760670a1f2c3c350ba138785bbb,2x,formal 1-sigma XYZ/VXYZ component uncertainty,"Component formal uncertainty cross-check only; not a covariance matrix, confidence ellipsoid, impact probability or safety claim."
Anteros,1943,January 2028,2461801.5,A.D. 2028-Jan-31 00:00:00.0000,1.75303764e-08,1.50536047e-08,3.50498231e-09,2.27744908e-10,2.27779632e-10,2.47505936e-11,2.337113630491577e-08,3.2305401368430056e-10,5.358739760486235e-11,7.557942307390227e-13,78649564e69f26b582ca70a40cfc90f16ec39dcb91025974f504d508b540cf18,0b9f4b00d3bb8f83692c352ff12e6996f89e2760670a1f2c3c350ba138785bbb,2x,formal 1-sigma XYZ/VXYZ component uncertainty,"Component formal uncertainty cross-check only; not a covariance matrix, confidence ellipsoid, impact probability or safety claim."
Anteros,1943,August 2028,2462014.5,A.D. 2028-Aug-31 00:00:00.0000,1.69689554e-09,1.62290144e-08,1.778611e-09,1.31036687e-10,2.96493213e-11,1.87996333e-11,1.6414134761186784e-08,1.356581063029448e-10,3.641656766722091e-11,3.336094209583041e-13,78649564e69f26b582ca70a40cfc90f16ec39dcb91025974f504d508b540cf18,0b9f4b00d3bb8f83692c352ff12e6996f89e2760670a1f2c3c350ba138785bbb,2x,formal 1-sigma XYZ/VXYZ component uncertainty,"Component formal uncertainty cross-check only; not a covariance matrix, confidence ellipsoid, impact probability or safety claim."
Apollo,1862,June 2027,2461557.5,A.D. 2027-Jun-01 00:00:00.0000,1.12424957e-08,9.28871228e-09,2.21586457e-09,3.05867061e-11,1.29339159e-10,2.72839945e-11,1.4750726801677352e-08,1.3567822594930659e-10,3.602393017881385e-11,3.366239704789597e-13,cb1ca23a70b2b89dae6458fb7600a3954992f584d870064f31423dde5275b6dd,2a195c3573c6cf930b739ca60f07ab0768d54ff0906b589e64af1aaedb287827,2x,formal 1-sigma XYZ/VXYZ component uncertainty,"Component formal uncertainty cross-check only; not a covariance matrix, confidence ellipsoid, impact probability or safety claim."
Apollo,1862,January 2028,2461801.5,A.D. 2028-Jan-31 00:00:00.0000,3.30101671e-09,9.18086122e-09,3.58402884e-09,4.75225547e-11,3.48299695e-11,1.0632741e-11,1.0393757106386067e-08,5.987132169710724e-11,2.4939843189992284e-11,1.9840695484492182e-13,cb1ca23a70b2b89dae6458fb7600a3954992f584d870064f31423dde5275b6dd,2a195c3573c6cf930b739ca60f07ab0768d54ff0906b589e64af1aaedb287827,2x,formal 1-sigma XYZ/VXYZ component uncertainty,"Component formal uncertainty cross-check only; not a covariance matrix, confidence ellipsoid, impact probability or safety claim."
Apollo,1862,August 2028,2462014.5,A.D. 2028-Aug-31 00:00:00.0000,1.6024986e-08,9.02690905e-09,2.77805596e-09,1.75962466e-10,9.6410593e-11,2.6006381e-11,1.86011520668495e-08,2.0232183207980784e-10,7.058889799800705e-11,7.768070021773055e-13,cb1ca23a70b2b89dae6458fb7600a3954992f584d870064f31423dde5275b6dd,2a195c3573c6cf930b739ca60f07ab0768d54ff0906b589e64af1aaedb287827,2x,formal 1-sigma XYZ/VXYZ component uncertainty,"Component formal uncertainty cross-check only; not a covariance matrix, confidence ellipsoid, impact probability or safety claim."
Eros,433,June 2027,2461586.5,A.D. 2027-Jun-30 00:00:00.0000,1.07089558e-08,2.92173992e-08,2.70462179e-08,1.96438453e-10,1.39385074e-10,1.72072842e-10,4.122906805923213e-08,2.9601575570394165e-10,2.6673221477168524e-10,2.5985399667171775e-12,8c8f62541612fb4a6328eacc8dbb1bf8fcaaa5a82f3562679f3fbcf695811ece,37f70bafdee6541a9f39e3ff168854e629662017b3e7040932a56669c648d160,2x,formal 1-sigma XYZ/VXYZ component uncertainty,"Component formal uncertainty cross-check only; not a covariance matrix, confidence ellipsoid, impact probability or safety claim."
Eros,433,January 2028,2461801.5,A.D. 2028-Jan-31 00:00:00.0000,9.29132083e-09,4.05733942e-08,2.0338335e-08,4.0162517e-10,1.11934652e-10,2.90094869e-10,4.632684783413189e-08,5.079243807064367e-10,3.427707606550332e-10,3.933119708309096e-12,8c8f62541612fb4a6328eacc8dbb1bf8fcaaa5a82f3562679f3fbcf695811ece,37f70bafdee6541a9f39e3ff168854e629662017b3e7040932a56669c648d160,2x,formal 1-sigma XYZ/VXYZ component uncertainty,"Component formal uncertainty cross-check only; not a covariance matrix, confidence ellipsoid, impact probability or safety claim."
Eros,433,August 2028,2461984.5,A.D. 2028-Aug-01 00:00:00.0000,3.85233189e-08,1.3334292e-08,2.66805105e-08,1.27212193e-10,2.15900652e-10,1.87834145e-10,4.872062276647304e-08,3.1317359341070786e-10,2.456453927736587e-10,2.0504975772657697e-12,8c8f62541612fb4a6328eacc8dbb1bf8fcaaa5a82f3562679f3fbcf695811ece,37f70bafdee6541a9f39e3ff168854e629662017b3e7040932a56669c648d160,2x,formal 1-sigma XYZ/VXYZ component uncertainty,"Component formal uncertainty cross-check only; not a covariance matrix, confidence ellipsoid, impact probability or safety claim."
